Workbook

Sheet Draft Board
A1: c
D2: Brady Gaga | I2: Thunder Ducks | N2: BearD | S2: Goldkrone United | X2: Randy Moss LoB Jünger | AC2: Wiesbaden Phantoms | AH2: Steelersnation 7 | AM2: Pep's Band | AR2: Gronk Nation | AW2: the Boys | BB2: Zeugen Ray Lewis | BG2: Fighting Farmers | BL2: 12th Man Army | BQ2: Amity Island Sharks | BV2: Bernem Bembels | CA2: Frankfurt Packers | CF2: The 49vengers | CK2: Johnny Manziel and Friends | CP2: K-Town Devils | CU2: Bojangles Pornstars
B4: 1. Runde | D4: Christian McCaffrey | I4: Lamar Jackson | N4: Saquon Barkley | S4: Derrick Henry | X4: Alvin Kamara | AC4: Ezekiel Elliot | AH4: Aaron Jones | AM4: Clyde Edwards-Helaire | AR4: Josh Jacobs | AW4: Dalvin Cook | BB4: Nick Chubb | BG4: Joe Mixon | BL4: Patrick Mahomes | BQ4: Austin Ekeler | BV4: Miles Sanders | CA4: Kenyan Drak | CF4: Mark Ingram | CK4: Russel Wilson | CP4: Todd Gurley | CU4: Cam Akers
D5: CAR | E5: - | F5: RB | G5: =LEFT(B4,1)+0.01 -> 1.01 | I5: BAL | J5: - | K5: QB | L5: =G5+0.01 -> 1.02 | N5: NYG | O5: - | P5: RB | Q5: =L5+0.01 -> 1.03 | S5: TEN | T5: - | U5: RB | V5: =Q5+0.01 -> 1.04 | X5: NO | Y5: - | Z5: RB | AA5: =V5+0.01 -> 1.05 | AC5: DAL | AD5: - | AE5: RB | AF5: =AA5+0.01 -> 1.06 | AH5: GB | AI5: - | AJ5: RB | AK5: =AF5+0.01 -> 1.07 | AM5: KC | AN5: - | AO5: RB | AP5: =AK5+0.01 -> 1.08 | AR5: LV | AS5: - | AT5: RB | AU5: =AP5+0.01 -> 1.09 | AW5: MIN | AX5: - | AY5: RB | AZ5: =AU5+0.01 -> 1.1 | BB5: CLE | BC5: - | BD5: RB | BE5: =AZ5+0.01 -> 1.11 | BG5: Cin | BH5: - | BI5: RB | BJ5: =BE5+0.01 -> 1.12 | BL5: KC | BM5: - | BN5: QB | BO5: =BJ5+0.01 -> 1.13 | BQ5: LAC | BR5: - | BS5: RB | BT5: =BO5+0.01 -> 1.14 | BV5: PHI | BW5: - | BX5: RB | BY5: =BT5+0.01 -> 1.15 | CA5: ARI | CB5: - | CC5: RB | CD5: =BY5+0.01 -> 1.16 | CF5: BAL | CG5: - | CH5: RB | CI5: =CD5+0.01 -> 1.17 | CK5: SEA | CL5: - | CM5: QB | CN5: =CI5+0.01 -> 1.18 | CP5: ATL | CQ5: - | CR5: RB | CS5: =CN5+0.01 -> 1.19 | CU5: LAR | CV5: - | CW5: RB | CX5: =CS5+0.01 -> 1.2
B7: 2. Runde | D7: A.J. Brown | I7: David Johnson | N7: Jonathan Taylor | S7: Deshaun Watson | X7: Zach Ertz | AC7: Kareem Hunt | AH7: George Kittle | AM7: Le'Veon Bell | AR7: Julio Jones | AW7: Amari Cooper | BB7: Travis Kelce | BG7: Tyreek Hill | BL7: Melvin Gordon | BQ7: DeAndre Hopkins | BV7: Davante Adams | CA7: Michael Thomas | CF7: Dak Prescott | CK7: Leonard Fournette | CP7: Chris Carson | CU7: James Conner
D8: TEN | E8: - | F8: WR | G8: =LEFT(B7,1)+0.2 -> 2.2 | I8: HOU | J8: - | K8: RB | L8: =G8-0.01 -> 2.19 | N8: IND | O8: - | P8: RB | Q8: =L8-0.01 -> 2.18 | S8: HOU | T8: - | U8: QB | V8: =Q8-0.01 -> 2.17 | X8: PHI | Y8: - | Z8: TE | AA8: =V8-0.01 -> 2.16 | AC8: CLE | AD8: - | AE8: RB | AF8: =AA8-0.01 -> 2.15 | AH8: SF | AI8: - | AJ8: TE | AK8: =AF8-0.01 -> 2.14 | AM8: KC | AN8: - | AO8: RB | AP8: =AK8-0.01 -> 2.13 | AR8: ATL | AS8: - | AT8: WR | AU8: =AP8-0.01 -> 2.12 | AW8: DAL | AX8: - | AY8: WR | AZ8: =AU8-0.01 -> 2.11 | BB8: KC | BC8: - | BD8: TE | BE8: =AZ8-0.01 -> 2.1 | BG8: KC | BH8: - | BI8: WR | BJ8: =BE8-0.01 -> 2.09 | BL8: DEN | BM8: - | BN8: RB | BO8: =BJ8-0.01 -> 2.08 | BQ8: ARI | BR8: - | BS8: WR | BT8: =BO8-0.01 -> 2.07 | BV8: GB | BW8: - | BX8: WR | BY8: =BT8-0.01 -> 2.06 | CA8: NO | CB8: - | CC8: WR | CD8: =BY8-0.01 -> 2.05 | CF8: DAL | CG8: - | CH8: QB | CI8: =CD8-0.01 -> 2.04 | CK8: TB | CL8: - | CM8: RB | CN8: =CI8-0.01 -> 2.03 | CP8: SEA | CQ8: - | CR8: RB | CS8: =CN8-0.01 -> 2.02 | CU8: PIT | CV8: - | CW8: RB | CX8: =CS8-0.01 -> 2.01
B10: 3. Runde | D10: Devin Singletary | I10: Chris Godwin | N10: Kyler Murray | S10: Allen Robinson | X10: Raheem Mostert | AC10: Mark Andrews | AH10: Cooper Kupp | AM10: DeSean Jacksong | AR10: D'Andre Swift | AW10: Darren Waller | BB10: James White | BG10: Josh Allen | BL10: Adam Thielen | BQ10: Robert Woods | BV10: David Montgomery | CA10: Mike Evans | CF10: Keenan Allen | CK10: Odell Beckham Jr. | CP10: Kenny Golladay | CU10: Matt Ryan
D11: BUF | E11: - | F11: RB | G11: =LEFT(B10,1)+0.01 -> 3.01 | I11: TB | J11: - | K11: WR | L11: =G11+0.01 -> 3.02 | N11: ARI | O11: - | P11: QB | Q11: =L11+0.01 -> 3.03 | S11: CHI | T11: - | U11: WR | V11: =Q11+0.01 -> 3.04 | X11: SF | Y11: - | Z11: RB | AA11: =V11+0.01 -> 3.05 | AC11: BAL | AD11: - | AE11: TE | AF11: =AA11+0.01 -> 3.06 | AH11: LAR | AI11: - | AJ11: WR | AK11: =AF11+0.01 -> 3.07 | AM11: PHI | AN11: - | AO11: WR | AP11: =AK11+0.01 -> 3.08 | AR11: DET | AS11: - | AT11: RB | AU11: =AP11+0.01 -> 3.09 | AW11: LV | AX11: - | AY11: TE | AZ11: =AU11+0.01 -> 3.1 | BB11: NE | BC11: - | BD11: RB | BE11: =AZ11+0.01 -> 3.11 | BG11: BUF | BH11: - | BI11: QB | BJ11: =BE11+0.01 -> 3.12 | BL11: MIN | BM11: - | BN11: WR | BO11: =BJ11+0.01 -> 3.13 | BQ11: LAR | BR11: - | BS11: WR | BT11: =BO11+0.01 -> 3.14 | BV11: CHI | BW11: - | BX11: RB | BY11: =BT11+0.01 -> 3.15 | CA11: TB | CB11: - | CC11: WR | CD11: =BY11+0.01 -> 3.16 | CF11: LAC | CG11: - | CH11: WR | CI11: =CD11+0.01 -> 3.17 | CK11: CLE | CL11: - | CM11: WR | CN11: =CI11+0.01 -> 3.18 | CP11: DET | CQ11: - | CR11: WR | CS11: =CN11+0.01 -> 3.19 | CU11: ATL | CV11: - | CW11: QB | CX11: =CS11+0.01 -> 3.2
B13: 4. Runde | D13: Matthew Stafford | I13: Tyler Higbee | N13: Latavius Murray | S13: J.K. Dobbings | X13: D.J. Chark | AC13: Tom Brady | AH13: Ronald Jones | AM13: Hunter Henry | AR13: Cam Newton | AW13: Aaron Rodgers | BB13: Tyler Lockett | BG13: Jordan Howard | BL13: Evan Engram | BQ13: Calvin Ridley | BV13: D.J. Moore | CA13: Drew Brees | CF13: Jameis Winston | CK13: Tarik Cohen | CP13: Carson Wentz | CU13: DK Metcalf
D14: DET | E14: - | F14: QB | G14: =LEFT(B13,1)+0.2 -> 4.2 | I14: LAR | J14: - | K14: TE | L14: =G14-0.01 -> 4.19 | N14: NO | O14: - | P14: RB | Q14: =L14-0.01 -> 4.18 | S14: BAL | T14: - | U14: RB | V14: =Q14-0.01 -> 4.17 | X14: JAC | Y14: - | Z14: WR | AA14: =V14-0.01 -> 4.16 | AC14: TB | AD14: - | AE14: QB | AF14: =AA14-0.01 -> 4.15 | AH14: TB | AI14: - | AJ14: RB | AK14: =AF14-0.01 -> 4.14 | AM14: LAC | AN14: - | AO14: TE | AP14: =AK14-0.01 -> 4.13 | AR14: NE | AS14: - | AT14: QB | AU14: =AP14-0.01 -> 4.12 | AW14: GB | AX14: - | AY14: QB | AZ14: =AU14-0.01 -> 4.11 | BB14: SEA | BC14: - | BD14: WR | BE14: =AZ14-0.01 -> 4.1 | BH14: - | BI14: RB | BJ14: =BE14-0.01 -> 4.09 | BL14: NYG | BM14: - | BN14: TE | BO14: =BJ14-0.01 -> 4.08 | BQ14: ATL | BR14: - | BS14: WR | BT14: =BO14-0.01 -> 4.07 | BV14: CAR | BW14: - | BX14: WR | BY14: =BT14-0.01 -> 4.06 | CA14: NO | CB14: - | CC14: QB | CD14: =BY14-0.01 -> 4.05 | CF14: NO | CG14: - | CH14: QB | CI14: =CD14-0.01 -> 4.04 | CK14: Chi | CL14: - | CM14: RB | CN14: =CI14-0.01 -> 4.03 | CP14: PHI | CQ14: - | CR14: QB | CS14: =CN14-0.01 -> 4.02 | CU14: SEA | CV14: - | CW14: WR | CX14: =CS14-0.01 -> 4.01
B16: 5. Runde | D16: Rob Gronkowski | I16: Philip Lindsay | N16: Hayden Hurst | S16: Austin Hooper | X16: Antonio Gibson | AC16: T.Y. Hilton | AH16: Tyler Boyd | AM16: Stefon Diggs | AR16: JuJu Smith-Schuster | AW16: Marlon Mack | BB16: Marquise Brown | BG16: Terry McLaurin | BL16: Courtland Sutton | BQ16: Mike Gesicki | BV16: Tevin Coleman | CA16: Zack Moss | CF16: Devonta Freeman | CK16: Marvin Jones | CP16: DeVante Parker | CU16: Michael Gallup
D17: TB | E17: - | F17: TE | G17: =LEFT(B16,1)+0.01 -> 5.01 | I17: DEN | J17: - | K17: RB | L17: =G17+0.01 -> 5.02 | N17: ATL | O17: - | P17: TE | Q17: =L17+0.01 -> 5.03 | S17: CLE | T17: - | U17: TE | V17: =Q17+0.01 -> 5.04 | X17: WAS | Y17: - | Z17: RB | AA17: =V17+0.01 -> 5.05 | AC17: IND | AD17: - | AE17: WR | AF17: =AA17+0.01 -> 5.06 | AH17: CIN | AI17: - | AJ17: WR | AK17: =AF17+0.01 -> 5.07 | AM17: BUF | AN17: - | AO17: WR | AP17: =AK17+0.01 -> 5.08 | AR17: PIT | AS17: - | AT17: WR | AU17: =AP17+0.01 -> 5.09 | AW17: IND | AX17: - | AY17: RB | AZ17: =AU17+0.01 -> 5.1 | BB17: BAL | BC17: - | BD17: WR | BE17: =AZ17+0.01 -> 5.11 | BG17: WAS | BH17: - | BI17: WR | BJ17: =BE17+0.01 -> 5.12 | BL17: DEN | BM17: - | BN17: WR | BO17: =BJ17+0.01 -> 5.13 | BQ17: MIA | BR17: - | BS17: TE | BT17: =BO17+0.01 -> 5.14 | BV17: SF | BW17: - | BX17: RB | BY17: =BT17+0.01 -> 5.15 | CA17: BUF | CB17: - | CC17: RB | CD17: =BY17+0.01 -> 5.16 | CG17: - | CH17: RB | CI17: =CD17+0.01 -> 5.17 | CK17: DET | CL17: - | CM17: WR | CN17: =CI17+0.01 -> 5.18 | CP17: MIA | CQ17: - | CR17: WR | CS17: =CN17+0.01 -> 5.19 | CU17: DAL | CV17: - | CW17: WR | CX17: =CS17+0.01 -> 5.2
B19: 6. Runde | D19: Denzel Mims | I19: Julian Edelman | N19: Will Fuller | S19: Jarvis Landry | X19: Deebo Samuel | AC19: A.J. Green | AH19: Kirk Cousins | AM19: Jared Goff | AR19: Jonnu Smith | AW19: Darius Slayton | BB19: Duke Johnson | BG19: Noah Fant | BL19: Matt Breida | BQ19: Kerryon Johnson | BV19: Daniel Jones | CA19: Jamison Crowder | CF19: Dallas Goedert | CK19: Baltimore Ravens | CP19: Jared Cook | CU19: Sonny Michel
D20: NYJ | E20: - | F20: WR | G20: =LEFT(B19,1)+0.2 -> 6.2 | I20: NE | J20: - | K20: WR | L20: =G20-0.01 -> 6.19 | N20: HOU | O20: - | P20: WR | Q20: =L20-0.01 -> 6.18 | S20: CLE | T20: - | U20: WR | V20: =Q20-0.01 -> 6.17 | X20: SF | Y20: - | Z20: WR | AA20: =V20-0.01 -> 6.16 | AC20: Cin | AD20: - | AE20: WR | AF20: =AA20-0.01 -> 6.15 | AH20: MIN | AI20: - | AJ20: QB | AK20: =AF20-0.01 -> 6.14 | AM20: LAR | AN20: - | AO20: QB | AP20: =AK20-0.01 -> 6.13 | AR20: TEN | AS20: - | AT20: TE | AU20: =AP20-0.01 -> 6.12 | AW20: NYG | AX20: - | AY20: WR | AZ20: =AU20-0.01 -> 6.11 | BB20: HOU | BC20: - | BD20: RB | BE20: =AZ20-0.01 -> 6.1 | BG20: DEN | BH20: - | BI20: TE | BJ20: =BE20-0.01 -> 6.09 | BL20: MIA | BM20: - | BN20: RB | BO20: =BJ20-0.01 -> 6.08 | BQ20: DET | BR20: - | BS20: RB | BT20: =BO20-0.01 -> 6.07 | BV20: NYG | BW20: - | BX20: QB | BY20: =BT20-0.01 -> 6.06 | CA20: NYJ | CB20: - | CC20: WR | CD20: =BY20-0.01 -> 6.05 | CF20: PHI | CG20: - | CH20: TE | CI20: =CD20-0.01 -> 6.04 | CK20: Bal | CL20: - | CM20: DEF | CN20: =CI20-0.01 -> 6.03 | CP20: NO | CQ20: - | CR20: TE | CS20: =CN20-0.01 -> 6.02 | CU20: NE | CV20: - | CW20: RB | CX20: =CS20-0.01 -> 6.01
B22: 7. Runde | D22: San Francisco 49ers | I22: Pittsburgh Steelers | N22: Diontae Johnson | S22: New Englang Patriots | X22: Brandin Cooks | AC22: Darrell Henderson | AH22: Los Angeles Rams | AM22: Adrian Peterson | AR22: Alexander Mattison | AW22: Ryquell Armstead | BB22: Gardner Minshew | BG22: Harrison Butker | BL22: Buffalo Bills | BQ22: Boston Scott | BV22: T.J. Hockenson | CA22: Nyheim Hines | CF22: John Brown | CK22: Greg Olsen | CP22: Christian Kirk | CU22: Eric Ebron
D23: SF | E23: - | F23: DEF | G23: =LEFT(B22,1)+0.01 -> 7.01 | I23: PIT | J23: - | K23: DEF | L23: =G23+0.01 -> 7.02 | N23: PIT | O23: - | P23: WR | Q23: =L23+0.01 -> 7.03 | S23: NE | T23: - | U23: DEF | V23: =Q23+0.01 -> 7.04 | X23: HOU | Y23: - | Z23: WR | AA23: =V23+0.01 -> 7.05 | AC23: LAR | AD23: - | AE23: RB | AF23: =AA23+0.01 -> 7.06 | AH23: LAR | AI23: - | AJ23: DEF | AK23: =AF23+0.01 -> 7.07 | AM23: DET | AN23: - | AO23: RB | AP23: =AK23+0.01 -> 7.08 | AR23: MIN | AS23: - | AT23: RB | AU23: =AP23+0.01 -> 7.09 | AW23: JAC | AX23: - | AY23: RB | AZ23: =AU23+0.01 -> 7.1 | BB23: JAC | BC23: - | BD23: QB | BE23: =AZ23+0.01 -> 7.11 | BG23: KC | BH23: - | BI23: K | BJ23: =BE23+0.01 -> 7.12 | BL23: BUF | BM23: - | BN23: DEF | BO23: =BJ23+0.01 -> 7.13 | BQ23: PHI | BR23: - | BS23: RB | BT23: =BO23+0.01 -> 7.14 | BV23: DET | BW23: - | BX23: TE | BY23: =BT23+0.01 -> 7.15 | CA23: IND | CB23: - | CC23: RB | CD23: =BY23+0.01 -> 7.16 | CF23: BUF | CG23: - | CH23: WR | CI23: =CD23+0.01 -> 7.17 | CK23: SEA | CL23: - | CM23: TE | CN23: =CI23+0.01 -> 7.18 | CP23: ARI | CQ23: - | CR23: WR | CS23: =CN23+0.01 -> 7.19 | CU23: PIT | CV23: - | CW23: TE | CX23: =CS23+0.01 -> 7.2
B25: 8. Runde | D25: Younghoe Koo | I25: Will Lutz | N25: Mecole Hardman | S25: Ben Reothlisberger | X25: Jerry Jeudy | AC25: Chris Thompson | AH25: Preston Williams | AM25: Emmanuel Sanders | AR25: Minnesota Vikings | AW25: CeeDee Lamb | BB25: Anthony Miller | BG25: Chicao Bears | BL25: Justin Tucker | BQ25: Ryan Tannehill | BV25: New Orleans Saints | CA25: Blake Jarwin | CF25: Kansas City Chiefs | CK25: Jimmy Garoppolo | CP25: Steling Shepard | CU25: Henry Ruggs III
D26: ATL | E26: - | F26: K | G26: =LEFT(B25,1)+0.2 -> 8.2 | I26: NO | J26: - | K26: K | L26: =G26-0.01 -> 8.19 | N26: KC | O26: - | P26: WR | Q26: =L26-0.01 -> 8.18 | S26: PIT | T26: - | U26: QB | V26: =Q26-0.01 -> 8.17 | X26: DEN | Y26: - | Z26: WR | AA26: =V26-0.01 -> 8.16 | AC26: SF | AD26: - | AE26: RB | AF26: =AA26-0.01 -> 8.15 | AH26: MIA | AI26: - | AJ26: WR | AK26: =AF26-0.01 -> 8.14 | AM26: NO | AN26: - | AO26: WR | AP26: =AK26-0.01 -> 8.13 | AR26: MIN | AS26: - | AT26: DEF | AU26: =AP26-0.01 -> 8.12 | AW26: DAL | AX26: - | AY26: WR | AZ26: =AU26-0.01 -> 8.11 | BB26: CHI | BC26: - | BD26: WR | BE26: =AZ26-0.01 -> 8.1 | BG26: CHI | BH26: - | BI26: DEF | BJ26: =BE26-0.01 -> 8.09 | BL26: BAL | BM26: - | BN26: K | BO26: =BJ26-0.01 -> 8.08 | BQ26: TEN | BR26: - | BS26: QB | BT26: =BO26-0.01 -> 8.07 | BV26: NO | BW26: - | BX26: dEF | BY26: =BT26-0.01 -> 8.06 | CA26: DAL | CB26: - | CC26: TE | CD26: =BY26-0.01 -> 8.05 | CF26: KC | CG26: - | CH26: DEF | CI26: =CD26-0.01 -> 8.04 | CK26: SF | CL26: - | CM26: QB | CN26: =CI26-0.01 -> 8.03 | CP26: NYG | CQ26: - | CR26: WR | CS26: =CN26-0.01 -> 8.02 | CU26: LV | CV26: - | CW26: WR | CX26: =CS26-0.01 -> 8.01
B28: 9. Runde | D28: Baker Mayfield | I28: Tony Pollard | N28: Tampa Bay Bucaneers | S28: Greg Zuerlein | X28: Philip Rivers | AC28: Jacksonville Jaguars | AH28: Chase Edmonds | AM28: Philadelphia Eagels | AR28: Damien Harris | AW28: Dallas Cowboys | BB28: Denver Broncos | BG28: Joe Burrow | BL28: Justin Jackson | BQ28: Indianapolis Colts | BV28: Robbie Gould | CA28: Los Angeles Chargers | CF28: Matt Gray | CK28: A.J. Dillon | CP28: Darrynton Evans | CU28: Tua Tagavailoa
D29: CLE | E29: - | F29: QB | G29: =LEFT(B28,1)+0.01 -> 9.01 | I29: DAL | J29: - | K29: RB | L29: =G29+0.01 -> 9.02 | N29: TB | O29: - | P29: DEF | Q29: =L29+0.01 -> 9.03 | S29: DAL | T29: - | U29: K | V29: =Q29+0.01 -> 9.04 | X29: IND | Y29: - | Z29: QB | AA29: =V29+0.01 -> 9.05 | AC29: JAC | AD29: - | AE29: DEF | AF29: =AA29+0.01 -> 9.06 | AH29: ARI | AI29: - | AJ29: RB | AK29: =AF29+0.01 -> 9.07 | AM29: PHI | AN29: - | AO29: DEF | AP29: =AK29+0.01 -> 9.08 | AR29: NE | AS29: - | AT29: RB | AU29: =AP29+0.01 -> 9.09 | AW29: DAL | AX29: - | AY29: DEF | AZ29: =AU29+0.01 -> 9.1 | BB29: DEN | BC29: - | BD29: DEF | BE29: =AZ29+0.01 -> 9.11 | BG29: CIN | BH29: - | BI29: QB | BJ29: =BE29+0.01 -> 9.12 | BL29: LAC | BM29: - | BN29: RB | BO29: =BJ29+0.01 -> 9.13 | BQ29: IND | BR29: - | BS29: DEF | BT29: =BO29+0.01 -> 9.14 | BV29: SF | BW29: - | BX29: K | BY29: =BT29+0.01 -> 9.15 | CA29: LAC | CB29: - | CC29: DEF | CD29: =BY29+0.01 -> 9.16 | CF29: LAR | CG29: - | CH29: K | CI29: =CD29+0.01 -> 9.17 | CK29: GB | CL29: - | CM29: RB | CN29: =CI29+0.01 -> 9.18 | CP29: TEN | CQ29: - | CR29: RB | CS29: =CN29+0.01 -> 9.19 | CU29: MIA | CV29: - | CW29: QB | CX29: =CS29+0.01 -> 9.2
B31: 10. Runde | D31: Justin Jefferson | I31: N'Keal Harry | N31: Ke'Shawn Vaughn | S31: Giovani Bernard | X31: Seattle Seahawks | AC31: Matt Prater | AH31: Jack Doyle | AM31: Teddy Bridgewater | AR31: Drew Lock | AW31: Allen Alzard | BB31: Jalen Reagor | BG31: Jamaal Williams | BL31: Mike Williams | BQ31: Sammy Watkins | BV31: Joshua Kelley | CA31: Ito Smith | CF31: Carlos Hyde | CK31: Golden Tate | CP31: Tennessee Titans | CU31: Marquez Valdes-Scantling
D32: MIN | E32: - | F32: WR | G32: =LEFT(B31,2)+0.2 -> 10.2 | I32: NE | J32: - | K32: RB | L32: =G32-0.01 -> 10.19 | N32: TB | O32: - | P32: RB | Q32: =L32-0.01 -> 10.18 | S32: CIN | T32: - | U32: RB | V32: =Q32-0.01 -> 10.17 | X32: SEA | Y32: - | Z32: DEF | AA32: =V32-0.01 -> 10.16 | AC32: DET | AD32: - | AE32: K | AF32: =AA32-0.01 -> 10.15 | AH32: IND | AI32: - | AJ32: TE | AK32: =AF32-0.01 -> 10.14 | AM32: CAR | AN32: - | AO32: QB | AP32: =AK32-0.01 -> 10.13 | AR32: DEN | AS32: - | AT32: QB | AU32: =AP32-0.01 -> 10.12 | AW32: GB | AX32: - | AY32: WR | AZ32: =AU32-0.01 -> 10.11 | BB32: PHI | BC32: - | BD32: WR | BE32: =AZ32-0.01 -> 10.1 | BG32: GB | BH32: - | BI32: RB | BJ32: =BE32-0.01 -> 10.09 | BL32: LAC | BM32: - | BN32: WR | BO32: =BJ32-0.01 -> 10.08 | BQ32: KC | BR32: - | BS32: WR | BT32: =BO32-0.01 -> 10.07 | BV32: LAC | BW32: - | BX32: RB | BY32: =BT32-0.01 -> 10.06 | CA32: ATL | CB32: - | CC32: RB | CD32: =BY32-0.01 -> 10.05 | CF32: SEA | CG32: - | CH32: RB | CI32: =CD32-0.01 -> 10.04 | CK32: NYG | CL32: - | CM32: WR | CN32: =CI32-0.01 -> 10.03 | CP32: TEN | CQ32: - | CR32: DEF | CS32: =CN32-0.01 -> 10.02 | CU32: GB | CV32: - | CW32: WR | CX32: =CS32-0.01 -> 10.01
B34: 11. Runde | D34: Anthony McFarland | I34: Derek Carr | N34: Ka'imi Fairbairn | S34: Brandon Aiyuk | X34: Tyrod Taylor | AC34: Curtis Samuel | AH34: Breshad Perriman | AM34: Jake Elliot | AR34: Chris Herndon | AW34: Malcolm Brown | BB34: Zane Gonzalez | BG34: Parris Campbell | BL34: Sam Darnold | BQ34: Robby Anderson | BV34: Laviska Shenault Jr. | CA34: Ian Thomas | CF34: Michael Pittman | CK34: Kyle Rudolph | CP34: Benny Snell | CU34: Bryce Love
D35: PIT | E35: - | F35: RB | G35: =LEFT(B34,2)+0.01 -> 11.01 | I35: LV | J35: - | K35: QB | L35: =G35+0.01 -> 11.02 | N35: HOU | O35: - | P35: K | Q35: =L35+0.01 -> 11.03 | S35: SF | T35: - | U35: WR | V35: =Q35+0.01 -> 11.04 | X35: LAC | Y35: - | Z35: QB | AA35: =V35+0.01 -> 11.05 | AC35: CAR | AD35: - | AE35: WR | AF35: =AA35+0.01 -> 11.06 | AH35: NYJ | AI35: - | AJ35: WR | AK35: =AF35+0.01 -> 11.07 | AM35: PHI | AN35: - | AO35: K | AP35: =AK35+0.01 -> 11.08 | AR35: NYJ | AS35: - | AT35: TE | AU35: =AP35+0.01 -> 11.09 | AW35: LAR | AX35: - | AY35: RB | AZ35: =AU35+0.01 -> 11.1 | BB35: ARI | BC35: - | BD35: K | BE35: =AZ35+0.01 -> 11.11 | BG35: IND | BH35: - | BI35: WR | BJ35: =BE35+0.01 -> 11.12 | BL35: NYJ | BM35: - | BN35: QB | BO35: =BJ35+0.01 -> 11.13 | BQ35: CAR | BR35: - | BS35: WR | BT35: =BO35+0.01 -> 11.14 | BV35: JAC | BW35: - | BX35: WR | BY35: =BT35+0.01 -> 11.15 | CA35: CAR | CB35: - | CC35: TE | CD35: =BY35+0.01 -> 11.16 | CF35: IND | CG35: - | CH35: WR | CI35: =CD35+0.01 -> 11.17 | CK35: MIN | CL35: - | CM35: TE | CN35: =CI35+0.01 -> 11.18 | CP35: PIT | CQ35: - | CR35: RB | CS35: =CN35+0.01 -> 11.19 | CU35: WAS | CV35: - | CW35: RB | CX35: =CS35+0.01 -> 11.2
B37: 12. Runde | D37: Green Bay Packers | I37: Gerald Everett | N37: Randall Cobb | S37: Jace Sternberger | X37: Will Dissly | AC37: Rashaad Penny | AH37: Chris Boswell | AM37: Jerick McKinnon | AR37: Dan Bailey | AW37: Nick Foles | BB37: Ryan Fitzpatrick | BG37: Dawson Knos | BL37: O.J. Howard | BQ37: LeSean McCoy | BV37: Dwayne Haskins | CA37: Justin Hebert | CF37: Jalen Richard | CK37: Hunter Renfrow | CP37: Larry Fitzgerald | CU37: Irv Smith
D38: GB | E38: - | F38: DEF | G38: =LEFT(B37,2)+0.2 -> 12.2 | I38: LAR | J38: - | K38: TE | L38: =G38-0.01 -> 12.19 | N38: HOU | O38: - | P38: WR | Q38: =L38-0.01 -> 12.18 | S38: GB | T38: - | U38: TE | V38: =Q38-0.01 -> 12.17 | X38: SEA | Y38: - | Z38: TE | AA38: =V38-0.01 -> 12.16 | AC38: SEA | AD38: - | AE38: RB | AF38: =AA38-0.01 -> 12.15 | AH38: PIT | AI38: - | AJ38: K | AK38: =AF38-0.01 -> 12.14 | AM38: SF | AN38: - | AO38: RB | AP38: =AK38-0.01 -> 12.13 | AR38: MIN | AS38: - | AT38: K | AU38: =AP38-0.01 -> 12.12 | AW38: CHI | AX38: - | AY38: QB | AZ38: =AU38-0.01 -> 12.11 | BB38: MIA | BC38: - | BD38: QB | BE38: =AZ38-0.01 -> 12.1 | BG38: BUF | BH38: - | BI38: TE | BJ38: =BE38-0.01 -> 12.09 | BL38: TB | BM38: - | BN38: TE | BO38: =BJ38-0.01 -> 12.08 | BQ38: TB | BR38: - | BS38: RB | BT38: =BO38-0.01 -> 12.07 | BV38: WAS | BW38: - | BX38: QB | BY38: =BT38-0.01 -> 12.06 | CA38: LAC | CB38: - | CC38: QB | CD38: =BY38-0.01 -> 12.05 | CF38: LV | CG38: - | CH38: RB | CI38: =CD38-0.01 -> 12.04 | CK38: LV | CL38: - | CM38: WR | CN38: =CI38-0.01 -> 12.03 | CP38: ARI | CQ38: - | CR38: WR | CS38: =CN38-0.01 -> 12.02 | CU38: MIN | CV38: - | CW38: TE | CX38: =CS38-0.01 -> 12.01
B40: 13. Runde | D40: DeAndre Washington | I40: Rex Burkhead | N40: Steven Sims | S40: Royce Freeman | X40: Mitchel Trubisky | AC40: Jarrett Stidham | AH40: Darrel Williams | AM40: Jimmy Graham | AR40: James Washington | AW40: Tyler Eifert | BB40: David Njoku | BG40: Dion Lewis | BL40: Corey Dacis | BQ40: Stephen Gostkowski | BV40: Vance McDonald | CA40: Tee Higgins | CF40: Alshon Jeffrey | CK40: Mike Badgley | CP40: Jason Myers | CU40: Atlanta Falcons
D41: MIA | E41: - | F41: RB | G41: =LEFT(B40,2)+0.01 -> 13.01 | I41: NE | J41: - | K41: RB | L41: =G41+0.01 -> 13.02 | N41: WAS | O41: - | P41: WR | Q41: =L41+0.01 -> 13.03 | S41: DEN | T41: - | U41: RB | V41: =Q41+0.01 -> 13.04 | X41: CHI | Y41: - | Z41: QB | AA41: =V41+0.01 -> 13.05 | AC41: NE | AD41: - | AE41: QB | AF41: =AA41+0.01 -> 13.06 | AH41: KC | AI41: - | AJ41: RB | AK41: =AF41+0.01 -> 13.07 | AM41: CHI | AN41: - | AO41: TE | AP41: =AK41+0.01 -> 13.08 | AR41: PIT | AS41: - | AT41: WR | AU41: =AP41+0.01 -> 13.09 | AW41: JAC | AX41: - | AY41: TE | AZ41: =AU41+0.01 -> 13.1 | BB41: CLE | BC41: - | BD41: TE | BE41: =AZ41+0.01 -> 13.11 | BG41: NYG | BH41: - | BI41: RB | BJ41: =BE41+0.01 -> 13.12 | BL41: Ten | BM41: - | BN41: WR | BO41: =BJ41+0.01 -> 13.13 | BQ41: TEN | BR41: - | BS41: K | BT41: =BO41+0.01 -> 13.14 | BV41: PIT | BW41: - | BX41: TE | BY41: =BT41+0.01 -> 13.15 | CA41: CIN | CB41: - | CC41: WR | CD41: =BY41+0.01 -> 13.16 | CF41: PHI | CG41: - | CH41: WR | CI41: =CD41+0.01 -> 13.17 | CK41: DEN | CL41: - | CM41: K | CN41: =CI41+0.01 -> 13.18 | CP41: SEA | CQ41: - | CR41: K | CS41: =CN41+0.01 -> 13.19 | CU41: Atlanta Falcons | CV41: - | CW41: DEF | CX41: =CS41+0.01 -> 13.2
B43: 14. Runde | D43: Russel Gage | I43: Kenny Stills | N43: Bryan Edwards | S43: Houston Texans | X43: Chase McLaughlin | AC43: Danny Amendola | AH43: Marcus Mariota | AM43: New York Jets | AR43: Austin Seibert | AW43: Dustin Hopkins | BB43: Justice Hill | BG43: John Roos | BL43: Cleveland Browns | BQ43: Washington Football Team | BV43: Cole Beassley | CA43: Joey Slye | CF43: Josh Lambo | CK43: Brandon McManus | CP43: Dede Westbrook | CU43: Mason Crosby
D44: ATL | E44: - | F44: WR | G44: =LEFT(B43,2)+0.2 -> 14.2 | J44: - | K44: WR | L44: =G44-0.01 -> 14.19 | N44: LV | O44: - | P44: WR | Q44: =L44-0.01 -> 14.18 | S44: HOU | T44: - | U44: DEF | V44: =Q44-0.01 -> 14.17 | X44: NYJ | Y44: - | Z44: K | AA44: =V44-0.01 -> 14.16 | AC44: DET | AD44: - | AE44: WR | AF44: =AA44-0.01 -> 14.15 | AH44: LV | AI44: - | AJ44: QB | AK44: =AF44-0.01 -> 14.14 | AM44: NYJ | AN44: - | AO44: DEF | AP44: =AK44-0.01 -> 14.13 | AR44: CIN | AS44: - | AT44: K | AU44: =AP44-0.01 -> 14.12 | AW44: WAS | AX44: - | AY44: K | AZ44: =AU44-0.01 -> 14.11 | BB44: Bal | BC44: - | BD44: RB | BE44: =AZ44-0.01 -> 14.1 | BG44: CIN | BH44: - | BI44: WR | BJ44: =BE44-0.01 -> 14.09 | BL44: CLE | BM44: - | BN44: DEF | BO44: =BJ44-0.01 -> 14.08 | BQ44: WAS | BR44: - | BS44: DEF | BT44: =BO44-0.01 -> 14.07 | BV44: BUF | BW44: - | BX44: WR | BY44: =BT44-0.01 -> 14.06 | CA44: CAR | CB44: - | CC44: K | CD44: =BY44-0.01 -> 14.05 | CF44: JAC | CG44: - | CH44: K | CI44: =CD44-0.01 -> 14.04 | CK44: DEN | CL44: - | CM44: K | CN44: =CI44-0.01 -> 14.03 | CP44: JAC | CQ44: - | CR44: WR | CS44: =CN44-0.01 -> 14.02 | CU44: GB | CV44: - | CW44: K | CX44: =CS44-0.01 -> 14.01
B46: 15. Runde | D46: Daniel Carlson | I46: Justin Rohrwasser | N46: Josh Reynolds | S46: Randy Bullock | X46: Josh Gordon | AC46: Cameron Brate | AH46: Frank Gore | AM46: Miles Boykin | AR46: Chase Claypool | AW46: Detroit Lions | BB46: Tre'Quan Smith | BG46: Stephen Hauschka | BL46: Gus Edwards | BQ46: C.J. Uzomah | BV46: Jaylen Samuels | CA46: Carlona Panters | CF46: New York Giants | CK46: Arizona Cardinals | CP46: Andy Isabella | CU46: Derrius Guice
D47: LV | E47: - | F47: K | G47: =LEFT(B46,2)+0.01 -> 15.01 | J47: - | K47: K | L47: =G47+0.01 -> 15.02 | N47: LAR | O47: - | P47: WR | Q47: =L47+0.01 -> 15.03 | S47: CIN | T47: - | U47: K | V47: =Q47+0.01 -> 15.04 | X47: SEA | Y47: - | Z47: WR | AA47: =V47+0.01 -> 15.05 | AC47: TB | AD47: - | AE47: TE | AF47: =AA47+0.01 -> 15.06 | AH47: NYJ | AI47: - | AJ47: RB | AK47: =AF47+0.01 -> 15.07 | AM47: BAL | AN47: - | AO47: WR | AP47: =AK47+0.01 -> 15.08 | AR47: PIT | AS47: - | AT47: WR | AU47: =AP47+0.01 -> 15.09 | AW47: DET | AX47: - | AY47: DEF | AZ47: =AU47+0.01 -> 15.1 | BB47: NO | BC47: - | BD47: WR | BE47: =AZ47+0.01 -> 15.11 | BG47: BUF | BH47: - | BI47: K | BJ47: =BE47+0.01 -> 15.12 | BL47: BAL | BM47: - | BN47: RB | BO47: =BJ47+0.01 -> 15.13 | BQ47: CIN | BR47: - | BS47: TE | BT47: =BO47+0.01 -> 15.14 | BV47: PIT | BW47: - | BX47: RB | BY47: =BT47+0.01 -> 15.15 | CA47: CAR | CB47: - | CC47: DEF | CD47: =BY47+0.01 -> 15.16 | CF47: NYG | CG47: - | CH47: DEF | CI47: =CD47+0.01 -> 15.17 | CK47: ARI | CL47: - | CM47: DEF | CN47: =CI47+0.01 -> 15.18 | CP47: ARI | CQ47: - | CR47: WR | CS47: =CN47+0.01 -> 15.19 | CU47: WAS | CV47: - | CW47: RB | CX47: =CS47+0.01 -> 15.2
F50: QB
F52: RB
F54: WR
F56: TE
F58: DEF
F60: K

Sheet Draft Statistics
D2: QB | F2: RB | H2: WR | J2: TE | L2: DEF | N2: K
B4: 1. Runde | D4: =COUNTIF('Draft Board'!D5:CZ5,"QB") -> 3 | F4: =COUNTIF('Draft Board'!D5:CZ5,"RB") -> 17 | H4: =COUNTIF('Draft Board'!D5:CZ5,"WR") -> 0 | J4: =COUNTIF('Draft Board'!D5:CZ5,"TE") -> 0 | L4: =COUNTIF('Draft Board'!D5:CZ5,"DEF") -> 0 | N4: =COUNTIF('Draft Board'!D5:CZ5,"K") -> 0
B6: 2. Runde | D6: =COUNTIF('Draft Board'!D8:CZ8,"QB") -> 2 | F6: =COUNTIF('Draft Board'!D8:CZ8,"RB") -> 8 | H6: =COUNTIF('Draft Board'!D8:CZ8,"WR") -> 7 | J6: =COUNTIF('Draft Board'!D8:CZ8,"TE") -> 3 | L6: =COUNTIF('Draft Board'!D8:CZ8,"DEF") -> 0 | N6: =COUNTIF('Draft Board'!D8:CZ8,"K") -> 0
B8: 3. Runde | D8: =COUNTIF('Draft Board'!D11:CZ11,"QB") -> 3 | F8: =COUNTIF('Draft Board'!D11:CZ11,"RB") -> 5 | H8: =COUNTIF('Draft Board'!D11:CZ11,"WR") -> 10 | J8: =COUNTIF('Draft Board'!D11:CZ11,"TE") -> 2 | L8: =COUNTIF('Draft Board'!D11:CZ11,"DEF") -> 0 | N8: =COUNTIF('Draft Board'!D11:CZ11,"K") -> 0
B10: 4. Runde | D10: =COUNTIF('Draft Board'!D14:CZ14,"QB") -> 7 | F10: =COUNTIF('Draft Board'!D14:CZ14,"RB") -> 5 | H10: =COUNTIF('Draft Board'!D14:CZ14,"WR") -> 5 | J10: =COUNTIF('Draft Board'!D14:CZ14,"TE") -> 3 | L10: =COUNTIF('Draft Board'!D14:CZ14,"DEF") -> 0 | N10: =COUNTIF('Draft Board'!D14:CZ14,"K") -> 0
B12: 5. Runde | D12: =COUNTIF('Draft Board'!D17:CZ17,"QB") -> 0 | F12: =COUNTIF('Draft Board'!D17:CZ17,"RB") -> 6 | H12: =COUNTIF('Draft Board'!D17:CZ17,"WR") -> 10 | J12: =COUNTIF('Draft Board'!D17:CZ17,"TE") -> 4 | L12: =COUNTIF('Draft Board'!D17:CZ17,"DEF") -> 0 | N12: =COUNTIF('Draft Board'!D17:CZ17,"K") -> 0
B14: 6. Runde | D14: =COUNTIF('Draft Board'!D20:CZ20,"QB") -> 3 | F14: =COUNTIF('Draft Board'!D20:CZ20,"RB") -> 4 | H14: =COUNTIF('Draft Board'!D20:CZ20,"WR") -> 8 | J14: =COUNTIF('Draft Board'!D20:CZ20,"TE") -> 4 | L14: =COUNTIF('Draft Board'!D20:CZ20,"DEF") -> 1 | N14: =COUNTIF('Draft Board'!D20:CZ20,"K") -> 0
B16: 7. Runde | D16: =COUNTIF('Draft Board'!D23:CZ23,"QB") -> 1 | F16: =COUNTIF('Draft Board'!D23:CZ23,"RB") -> 6 | H16: =COUNTIF('Draft Board'!D23:CZ23,"WR") -> 4 | J16: =COUNTIF('Draft Board'!D23:CZ23,"TE") -> 3 | L16: =COUNTIF('Draft Board'!D23:CZ23,"DEF") -> 5 | N16: =COUNTIF('Draft Board'!D23:CZ23,"K") -> 1
B18: 8. Runde | D18: =COUNTIF('Draft Board'!D26:CZ26,"QB") -> 3 | F18: =COUNTIF('Draft Board'!D26:CZ26,"RB") -> 1 | H18: =COUNTIF('Draft Board'!D26:CZ26,"WR") -> 8 | J18: =COUNTIF('Draft Board'!D26:CZ26,"TE") -> 1 | L18: =COUNTIF('Draft Board'!D26:CZ26,"DEF") -> 4 | N18: =COUNTIF('Draft Board'!D26:CZ26,"K") -> 3
B20: 9. Runde | D20: =COUNTIF('Draft Board'!D29:CZ29,"QB") -> 4 | F20: =COUNTIF('Draft Board'!D29:CZ29,"RB") -> 6 | H20: =COUNTIF('Draft Board'!D29:CZ29,"WR") -> 0 | J20: =COUNTIF('Draft Board'!D29:CZ29,"TE") -> 0 | L20: =COUNTIF('Draft Board'!D29:CZ29,"DEF") -> 7 | N20: =COUNTIF('Draft Board'!D29:CZ29,"K") -> 3
B22: 10. Runde | D22: =COUNTIF('Draft Board'!D32:CZ32,"QB") -> 2 | F22: =COUNTIF('Draft Board'!D32:CZ32,"RB") -> 7 | H22: =COUNTIF('Draft Board'!D32:CZ32,"WR") -> 7 | J22: =COUNTIF('Draft Board'!D32:CZ32,"TE") -> 1 | L22: =COUNTIF('Draft Board'!D32:CZ32,"DEF") -> 2 | N22: =COUNTIF('Draft Board'!D32:CZ32,"K") -> 1
B24: 11. Runde | D24: =COUNTIF('Draft Board'!D35:CZ35,"QB") -> 3 | F24: =COUNTIF('Draft Board'!D35:CZ35,"RB") -> 4 | H24: =COUNTIF('Draft Board'!D35:CZ35,"WR") -> 7 | J24: =COUNTIF('Draft Board'!D35:CZ35,"TE") -> 3 | L24: =COUNTIF('Draft Board'!D35:CZ35,"DEF") -> 0 | N24: =COUNTIF('Draft Board'!D35:CZ35,"K") -> 3
B26: 12. Runde | D26: =COUNTIF('Draft Board'!D38:CZ38,"QB") -> 4 | F26: =COUNTIF('Draft Board'!D38:CZ38,"RB") -> 4 | H26: =COUNTIF('Draft Board'!D38:CZ38,"WR") -> 3 | J26: =COUNTIF('Draft Board'!D38:CZ38,"TE") -> 6 | L26: =COUNTIF('Draft Board'!D38:CZ38,"DEF") -> 1 | N26: =COUNTIF('Draft Board'!D38:CZ38,"K") -> 2
B28: 13. Runde | D28: =COUNTIF('Draft Board'!D41:CZ41,"QB") -> 2 | F28: =COUNTIF('Draft Board'!D41:CZ41,"RB") -> 5 | H28: =COUNTIF('Draft Board'!D41:CZ41,"WR") -> 5 | J28: =COUNTIF('Draft Board'!D41:CZ41,"TE") -> 4 | L28: =COUNTIF('Draft Board'!D41:CZ41,"DEF") -> 1 | N28: =COUNTIF('Draft Board'!D41:CZ41,"K") -> 3
B30: 14. Runde | D30: =COUNTIF('Draft Board'!D44:CZ44,"QB") -> 1 | F30: =COUNTIF('Draft Board'!D44:CZ44,"RB") -> 1 | H30: =COUNTIF('Draft Board'!D44:CZ44,"WR") -> 7 | J30: =COUNTIF('Draft Board'!D44:CZ44,"TE") -> 0 | L30: =COUNTIF('Draft Board'!D44:CZ44,"DEF") -> 4 | N30: =COUNTIF('Draft Board'!D44:CZ44,"K") -> 7
B32: 15. Runde | D32: =COUNTIF('Draft Board'!D47:CZ47,"QB") -> 0 | F32: =COUNTIF('Draft Board'!D47:CZ47,"RB") -> 4 | H32: =COUNTIF('Draft Board'!D47:CZ47,"WR") -> 6 | J32: =COUNTIF('Draft Board'!D47:CZ47,"TE") -> 2 | L32: =COUNTIF('Draft Board'!D47:CZ47,"DEF") -> 4 | N32: =COUNTIF('Draft Board'!D47:CZ47,"K") -> 4
B34: Total | D34: =SUM(D4:D32) -> 38 | F34: =SUM(F4:F32) -> 83 | H34: =SUM(H4:H32) -> 87 | J34: =SUM(J4:J32) -> 36 | L34: =SUM(L4:L32) -> 29 | N34: =SUM(N4:N32) -> 27

Sheet Team Statistics
B2: Team | C2: Picks
B4: ARI | C4: =COUNTIF('Draft Board'!$D$3:$CZ$47,'Team Statistics'!B4) -> 9
B6: ATL | C6: =COUNTIF('Draft Board'!$D$3:$CZ$47,'Team Statistics'!B6) -> 8
B8: BAL | C8: =COUNTIF('Draft Board'!$D$3:$CZ$47,'Team Statistics'!B8) -> 10
B10: BUF | C10: =COUNTIF('Draft Board'!$D$3:$CZ$47,'Team Statistics'!B10) -> 9
B12: CAR | C12: =COUNTIF('Draft Board'!$D$3:$CZ$47,'Team Statistics'!B12) -> 8
B14: CHI | C14: =COUNTIF('Draft Board'!$D$3:$CZ$47,'Team Statistics'!B14) -> 8
B16: CIN | C16: =COUNTIF('Draft Board'!$D$3:$CZ$47,'Team Statistics'!B16) -> 10
B18: CLE | C18: =COUNTIF('Draft Board'!$D$3:$CZ$47,'Team Statistics'!B18) -> 8
B20: DAL | C20: =COUNTIF('Draft Board'!$D$3:$CZ$47,'Team Statistics'!B20) -> 9
B22: DEN | C22: =COUNTIF('Draft Board'!$D$3:$CZ$47,'Team Statistics'!B22) -> 10
B24: DET | C24: =COUNTIF('Draft Board'!$D$3:$CZ$47,'Team Statistics'!B24) -> 10
B26: GB | C26: =COUNTIF('Draft Board'!$D$3:$CZ$47,'Team Statistics'!B26) -> 10
... B66: WAS | C66: =COUNTIF('Draft Board'!$D$3:$CZ$47,'Team Statistics'!B66) -> 8
B68: FA | C68: =300-C70 -> 5
B70: Summe: | C70: =SUM(C4:C66) -> 295
