Workbook

Sheet Draft Board
D2: Bernem Bembels | I2: Thunder Ducks | N2: K-Town Devils | S2: Johnny Manziel and Friends | X2: Goldkrone United | AC2: The 49vengers | AH2: Randy Moss LoB Jünger | AM2: Pep's Band | AR2: Zeugen Ray Lewis | AW2: Gronk Nation | BB2: Lynchmob | BG2: Fighting Farmers | BL2: Beard Urlacher | BQ2: Brady Gaga | BV2: the Boys | CA2: 12th Man Army | CF2: Bojangles Pornstars | CK2: Amity Island Sharks | CP2: Frankfurt Packers | CU2: SG Pfeffi Braun
B4: 1. Runde | D4: Saquon Barkley | I4: Christian McCaffrey | N4: Alvin Kamara | S4: Patrick Mahomes | X4: Todd Gurley | AC4: Ezekiel Elliot | AH4: David Johnson | AM4: Le'Veon Bell | AR4: Nick Chubb | AW4: Melvin Gordon | BB4: Deshaun Watson | BG4: Joe Mixon | BL4: James Conner | BQ4: DeAndre Hopkins | BV4: Julio Jones | CA4: Drew Brees | CF4: Travis Kelce | CK4: Dalvin Cook | CP4: Michael Thomas | CU4: Kyler Murray
D5: NYG | E5: - | F5: RB | G5: =LEFT(B4,1)+0.01 -> 1.01 | I5: CAR | J5: - | K5: RB | L5: =G5+0.01 -> 1.02 | N5: NO | O5: - | P5: RB | Q5: =L5+0.01 -> 1.03 | S5: KC | T5: - | U5: QB | V5: =Q5+0.01 -> 1.04 | X5: LAR | Y5: - | Z5: RB | AA5: =V5+0.01 -> 1.05 | AC5: DAL | AD5: - | AE5: RB | AF5: =AA5+0.01 -> 1.06 | AH5: ARI | AI5: - | AJ5: RB | AK5: =AF5+0.01 -> 1.07 | AM5: NYJ | AN5: - | AO5: RB | AP5: =AK5+0.01 -> 1.08 | AR5: CLE | AS5: - | AT5: RB | AU5: =AP5+0.01 -> 1.09 | AW5: LAC | AX5: - | AY5: RB | AZ5: =AU5+0.01 -> 1.1 | BB5: HOU | BC5: - | BD5: QB | BE5: =AZ5+0.01 -> 1.11 | BG5: CIN | BH5: - | BI5: RB | BJ5: =BE5+0.01 -> 1.12 | BL5: PIT | BM5: - | BN5: RB | BO5: =BJ5+0.01 -> 1.13 | BQ5: HOU | BR5: - | BS5: WR | BT5: =BO5+0.01 -> 1.14 | BV5: ATL | BW5: - | BX5: WR | BY5: =BT5+0.01 -> 1.15 | CA5: NO | CB5: - | CC5: QB | CD5: =BY5+0.01 -> 1.16 | CF5: KC | CG5: - | CH5: TE | CI5: =CD5+0.01 -> 1.17 | CK5: MIN | CL5: - | CM5: RB | CN5: =CI5+0.01 -> 1.18 | CP5: NO | CQ5: - | CR5: WR | CS5: =CN5+0.01 -> 1.19 | CU5: ARI | CV5: - | CW5: QB | CX5: =CS5+0.01 -> 1.2
B7: 2. Runde | D7: T.Y. Hilton | I7: Bake Mayfield | N7: Mike Evans | S7: Josh Jacobs | X7: Aaron Rodgers | AC7: Andrew Luck | AH7: Antonio Brown | AM7: Adam Thielen | AR7: JuJu Smith-Schuster | AW7: Tyreek Hill | BB7: Leonard Fournette | BG7: Davante Adams | BL7: Aaron Jones | BQ7: Marlon Mack | BV7: Odell Beckam Jr. | CA7: Chris Carson | CF7: Devonta Freeman | CK7: Kerryon Johnson | CP7: Damien Williams | CU7: Kareem Hunt
D8: IND | E8: - | F8: WR | G8: =LEFT(B7,1)+0.2 -> 2.2 | I8: CLE | J8: - | K8: QB | L8: =G8-0.01 -> 2.19 | N8: TB | O8: - | P8: WR | Q8: =L8-0.01 -> 2.18 | S8: LV | T8: - | U8: RB | V8: =Q8-0.01 -> 2.17 | X8: GB | Y8: - | Z8: QB | AA8: =V8-0.01 -> 2.16 | AC8: IND | AD8: - | AE8: QB | AF8: =AA8-0.01 -> 2.15 | AI8: - | AJ8: WR | AK8: =AF8-0.01 -> 2.14 | AM8: MIN | AN8: - | AO8: WR | AP8: =AK8-0.01 -> 2.13 | AR8: PIT | AS8: - | AT8: WR | AU8: =AP8-0.01 -> 2.12 | AW8: KC | AX8: - | AY8: WR | AZ8: =AU8-0.01 -> 2.11 | BB8: JAC | BC8: - | BD8: RB | BE8: =AZ8-0.01 -> 2.1 | BG8: GB | BH8: - | BI8: WR | BJ8: =BE8-0.01 -> 2.09 | BL8: GB | BM8: - | BN8: RB | BO8: =BJ8-0.01 -> 2.08 | BQ8: IND | BR8: - | BS8: RB | BT8: =BO8-0.01 -> 2.07 | BV8: CLE | BW8: - | BX8: WR | BY8: =BT8-0.01 -> 2.06 | CA8: SEA | CB8: - | CC8: RB | CD8: =BY8-0.01 -> 2.05 | CF8: ATL | CG8: - | CH8: RB | CI8: =CD8-0.01 -> 2.04 | CK8: DET | CL8: - | CM8: RB | CN8: =CI8-0.01 -> 2.03 | CP8: KC | CQ8: - | CR8: RB | CS8: =CN8-0.01 -> 2.02 | CU8: CLE | CV8: - | CW8: RB | CX8: =CS8-0.01 -> 2.01
B10: 3. Runde | D10: Derrick Henry | I10: Keenan Allen | N10: George Kittle | S10: Amari Cooper | X10: Stefon Diggs | AC10: Sony Michel | AH10: Russel Wilson | AM10: Zach Ertz | AR10: Cam Newton | AW10: Matt Ryan | BB10: Julian Edelman | BG10: Carson Wentz | BL10: Brandin Cooks | BQ10: Mitchell Trubisky | BV10: James White | CA10: Tyler Lockett | CF10: Robert Woods | CK10: Jared Goff | CP10: Cooper Kupp | CU10: Jared Cook
D11: TEN | E11: - | F11: RB | G11: =LEFT(B10,1)+0.01 -> 3.01 | I11: LAC | J11: - | K11: WR | L11: =G11+0.01 -> 3.02 | N11: SF | O11: - | P11: TE | Q11: =L11+0.01 -> 3.03 | S11: DAL | T11: - | U11: WR | V11: =Q11+0.01 -> 3.04 | X11: MIN | Y11: - | Z11: WR | AA11: =V11+0.01 -> 3.05 | AC11: NE | AD11: - | AE11: RB | AF11: =AA11+0.01 -> 3.06 | AH11: SEA | AI11: - | AJ11: QB | AK11: =AF11+0.01 -> 3.07 | AM11: PHI | AN11: - | AO11: TE | AP11: =AK11+0.01 -> 3.08 | AR11: CAR | AS11: - | AT11: QB | AU11: =AP11+0.01 -> 3.09 | AW11: ATL | AX11: - | AY11: QB | AZ11: =AU11+0.01 -> 3.1 | BB11: NE | BC11: - | BD11: WR | BE11: =AZ11+0.01 -> 3.11 | BG11: PHI | BH11: - | BI11: QB | BJ11: =BE11+0.01 -> 3.12 | BL11: LAR | BM11: - | BN11: WR | BO11: =BJ11+0.01 -> 3.13 | BQ11: CHI | BR11: - | BS11: QB | BT11: =BO11+0.01 -> 3.14 | BV11: NE | BW11: - | BX11: RB | BY11: =BT11+0.01 -> 3.15 | CA11: SEA | CB11: - | CC11: WR | CD11: =BY11+0.01 -> 3.16 | CF11: LAR | CG11: - | CH11: WR | CI11: =CD11+0.01 -> 3.17 | CK11: LAR | CL11: - | CM11: QB | CN11: =CI11+0.01 -> 3.18 | CP11: LAR | CQ11: - | CR11: WR | CS11: =CN11+0.01 -> 3.19 | CU11: NO | CV11: - | CW11: TE | CX11: =CS11+0.01 -> 3.2
B13: 4. Runde | D13: Chris Godwin | I13: Tevin Coleman | N13: Calvin Ridley | S13: Lamar Miller | X13: Eric Ebron | AC13: A.J. Green | AH13: Kenny Golladay | AM13: Mike Williams | AR13: Philip Lindsay | AW13: David Montgomery | BB13: Hunter Henry | BG13: Mark Ingram | BL13: Philip Rivers | BQ13: Los Angeles Rams | BV13: Tarik Cohen | CA13: Evan Engram | CF13: Kirk Cousins | CK13: O.J. Howard | CP13: Kenyan Drake | CU13: Larry Fitzgerald
D14: TB | E14: - | F14: WR | G14: =LEFT(B13,1)+0.2 -> 4.2 | I14: SF | J14: - | K14: RB | L14: =G14-0.01 -> 4.19 | N14: ATL | O14: - | P14: WR | Q14: =L14-0.01 -> 4.18 | S14: HOU | T14: - | U14: RB | V14: =Q14-0.01 -> 4.17 | X14: IND | Y14: - | Z14: TE | AA14: =V14-0.01 -> 4.16 | AC14: CIN | AD14: - | AE14: WR | AF14: =AA14-0.01 -> 4.15 | AH14: DET | AI14: - | AJ14: WR | AK14: =AF14-0.01 -> 4.14 | AM14: LAC | AN14: - | AO14: WR | AP14: =AK14-0.01 -> 4.13 | AR14: DEN | AS14: - | AT14: RB | AU14: =AP14-0.01 -> 4.12 | AW14: CHI | AX14: - | AY14: RB | AZ14: =AU14-0.01 -> 4.11 | BB14: LAC | BC14: - | BD14: TE | BE14: =AZ14-0.01 -> 4.1 | BG14: BAL | BH14: - | BI14: RB | BJ14: =BE14-0.01 -> 4.09 | BL14: LAC | BM14: - | BN14: QB | BO14: =BJ14-0.01 -> 4.08 | BQ14: LAR | BR14: - | BS14: DEF | BT14: =BO14-0.01 -> 4.07 | BV14: CHI | BW14: - | BX14: RB | BY14: =BT14-0.01 -> 4.06 | CA14: NYG | CB14: - | CC14: TE | CD14: =BY14-0.01 -> 4.05 | CF14: MIN | CG14: - | CH14: QB | CI14: =CD14-0.01 -> 4.04 | CK14: TB | CL14: - | CM14: TE | CN14: =CI14-0.01 -> 4.03 | CP14: ARI | CQ14: - | CR14: RB | CS14: =CN14-0.01 -> 4.02 | CU14: ARI | CV14: - | CW14: WR | CX14: =CS14-0.01 -> 4.01
B16: 5. Runde | D16: Jameis Winston | I16: Tyler Boyd | N16: Rashaad Penny | S16: David Njoku | X16: Chicago Bears | AC16: D.J. Moore | AH16: Austin Ekeler | AM16: LeSean McCoy | AR16: Alshon Jeffrey | AW16: Allen Robinson | BB16: Greg Zuerlein | BG16: Jarvis Landry | BL16: Derrius Guice | BQ16: Kyle Rudolph | BV16: Ronald Jones | CA16: Robby Anderson | CF16: Miles Sanders | CK16: Sammy Watkins | CP16: Ben Roethlisberger | CU16: Latavius Murray
D17: TB | E17: - | F17: QB | G17: =LEFT(B16,1)+0.01 -> 5.01 | I17: CIN | J17: - | K17: WR | L17: =G17+0.01 -> 5.02 | N17: SEA | O17: - | P17: RB | Q17: =L17+0.01 -> 5.03 | S17: CLE | T17: - | U17: TE | V17: =Q17+0.01 -> 5.04 | X17: CHI | Y17: - | Z17: DEF | AA17: =V17+0.01 -> 5.05 | AC17: CAR | AD17: - | AE17: WR | AF17: =AA17+0.01 -> 5.06 | AH17: LAC | AI17: - | AJ17: RB | AK17: =AF17+0.01 -> 5.07 | AM17: KC | AN17: - | AO17: RB | AP17: =AK17+0.01 -> 5.08 | AR17: PHI | AS17: - | AT17: WR | AU17: =AP17+0.01 -> 5.09 | AW17: CHI | AX17: - | AY17: WR | AZ17: =AU17+0.01 -> 5.1 | BB17: LAR | BC17: - | BD17: K | BE17: =AZ17+0.01 -> 5.11 | BG17: CLE | BH17: - | BI17: WR | BJ17: =BE17+0.01 -> 5.12 | BL17: WAS | BM17: - | BN17: RB | BO17: =BJ17+0.01 -> 5.13 | BQ17: MIN | BR17: - | BS17: TE | BT17: =BO17+0.01 -> 5.14 | BV17: TB | BW17: - | BX17: RB | BY17: =BT17+0.01 -> 5.15 | CA17: NYJ | CB17: - | CC17: WR | CD17: =BY17+0.01 -> 5.16 | CF17: PHI | CG17: - | CH17: RB | CI17: =CD17+0.01 -> 5.17 | CK17: KC | CL17: - | CM17: WR | CN17: =CI17+0.01 -> 5.18 | CP17: PIT | CQ17: - | CR17: QB | CS17: =CN17+0.01 -> 5.19 | CU17: NO | CV17: - | CW17: RB | CX17: =CS17+0.01 -> 5.2
B19: 6. Runde | D19: Darrel Henderson | I19: Trey Burton | N19: Courtland Sutton | S19: Christian Kirk | X19: Justin Tucker | AC19: Austin Hooper | AH19: Dante Pettis | AM19: Dede Westbrook | AR19: Peyton Barber | AW19: Delanie Walker | BB19: Jacksonville Jaguars | BG19: Vance McDonald | BL19: Marvin Jones | BQ19: Jordan Howard | BV19: Dak Prescott | CA19: Royce Freeman | CF19: Matt Breida | CK19: Corey Davis | CP19: Will Fuller | CU19: Houston Texans
D20: LAR | E20: - | F20: RB | G20: =LEFT(B19,1)+0.2 -> 6.2 | I20: CHI | J20: - | K20: TE | L20: =G20-0.01 -> 6.19 | N20: DEN | O20: - | P20: WR | Q20: =L20-0.01 -> 6.18 | S20: ARI | T20: - | U20: WR | V20: =Q20-0.01 -> 6.17 | X20: BAL | Y20: - | Z20: K | AA20: =V20-0.01 -> 6.16 | AC20: ATL | AD20: - | AE20: TE | AF20: =AA20-0.01 -> 6.15 | AH20: SF | AI20: - | AJ20: WR | AK20: =AF20-0.01 -> 6.14 | AM20: JAC | AN20: - | AO20: WR | AP20: =AK20-0.01 -> 6.13 | AR20: TB | AS20: - | AT20: RB | AU20: =AP20-0.01 -> 6.12 | AW20: TEN | AX20: - | AY20: TE | AZ20: =AU20-0.01 -> 6.11 | BB20: JAC | BC20: - | BD20: DEF | BE20: =AZ20-0.01 -> 6.1 | BG20: PIT | BH20: - | BI20: TE | BJ20: =BE20-0.01 -> 6.09 | BL20: DET | BM20: - | BN20: WR | BO20: =BJ20-0.01 -> 6.08 | BQ20: PHI | BR20: - | BS20: RB | BT20: =BO20-0.01 -> 6.07 | BV20: DAL | BW20: - | BX20: QB | BY20: =BT20-0.01 -> 6.06 | CA20: DEN | CB20: - | CC20: RB | CD20: =BY20-0.01 -> 6.05 | CF20: SF | CG20: - | CH20: RB | CI20: =CD20-0.01 -> 6.04 | CK20: TEN | CL20: - | CM20: WR | CN20: =CI20-0.01 -> 6.03 | CP20: HOU | CQ20: - | CR20: WR | CS20: =CN20-0.01 -> 6.02 | CU20: HOU | CV20: - | CW20: DEF | CX20: =CS20-0.01 -> 6.01
B22: 7. Runde | D22: Mark Andrews | I22: Dion Lewis | N22: Lamar Jackson | S22: Nyheim Hines | X22: Sterling Shepard | AC22: Baltimore Ravens | AH22: Kalen Ballage | AM22: Jimmy Garoppolo | AR22: Jimmy Graham | AW22: Duke Johnson | BB22: Jerick McKinnon | BG22: Stephen Gostkowski | BL22: Noah Fant | BQ22: Curtins Samuel | BV22: Jack Doyle | CA22: Cleveland Browns | CF22: Anthony Miller | CK22: Minnesota Vikings | CP22: Jalen Richard | CU22: Geronimo Allison
D23: BAL | E23: - | F23: TE | G23: =LEFT(B22,1)+0.01 -> 7.01 | I23: TEN | J23: - | K23: RB | L23: =G23+0.01 -> 7.02 | N23: BAL | O23: - | P23: QB | Q23: =L23+0.01 -> 7.03 | S23: IND | T23: - | U23: RB | V23: =Q23+0.01 -> 7.04 | X23: NYG | Y23: - | Z23: WR | AA23: =V23+0.01 -> 7.05 | AC23: BAL | AD23: - | AE23: DEF | AF23: =AA23+0.01 -> 7.06 | AH23: MIA | AI23: - | AJ23: RB | AK23: =AF23+0.01 -> 7.07 | AM23: SF | AN23: - | AO23: QB | AP23: =AK23+0.01 -> 7.08 | AR23: GB | AS23: - | AT23: TE | AU23: =AP23+0.01 -> 7.09 | AW23: HOU | AX23: - | AY23: RB | AZ23: =AU23+0.01 -> 7.1 | BB23: SF | BC23: - | BD23: RB | BE23: =AZ23+0.01 -> 7.11 | BG23: NE | BH23: - | BI23: K | BJ23: =BE23+0.01 -> 7.12 | BL23: DEN | BM23: - | BN23: TE | BO23: =BJ23+0.01 -> 7.13 | BQ23: CAR | BR23: - | BS23: WR | BT23: =BO23+0.01 -> 7.14 | BV23: IND | BW23: - | BX23: TE | BY23: =BT23+0.01 -> 7.15 | CA23: CLE | CB23: - | CC23: DEF | CD23: =BY23+0.01 -> 7.16 | CF23: CHI | CG23: - | CH23: WR | CI23: =CD23+0.01 -> 7.17 | CK23: MIN | CL23: - | CM23: DEF | CN23: =CI23+0.01 -> 7.18 | CP23: LV | CQ23: - | CR23: RB | CS23: =CN23+0.01 -> 7.19 | CU23: GB | CV23: - | CW23: WR | CX23: =CS23+0.01 -> 7.2
B25: 8. Runde | D25: New Orleans Saints | I25: DeSean Jackson | N25: Carlos Hyde | S25: Sam Darnold | X25: Ito Smith | AC25: Ka'imi Fairbairn | AH25: Matthew Stafford | AM25: Adrian Peterson | AR25: Kenny Stills | AW25: Buffalo Bills | BB25: Keke Coutee | BG25: Los Angeles Chargers | BL25: Devin Funchess | BQ25: Josh Allen | BV25: Michael Gallup | CA25: Robbie Gould | CF25: Tom Brady | CK25: Golden Tate | CP25: T.J. Hockenson | CU25: Will Lutz
D26: NO | E26: - | F26: DEF | G26: =LEFT(B25,1)+0.2 -> 8.2 | I26: PHI | J26: - | K26: WR | L26: =G26-0.01 -> 8.19 | N26: HOU | O26: - | P26: RB | Q26: =L26-0.01 -> 8.18 | S26: NYJ | T26: - | U26: QB | V26: =Q26-0.01 -> 8.17 | X26: ATL | Y26: - | Z26: RB | AA26: =V26-0.01 -> 8.16 | AC26: HOU | AD26: - | AE26: K | AF26: =AA26-0.01 -> 8.15 | AH26: DET | AI26: - | AJ26: QB | AK26: =AF26-0.01 -> 8.14 | AM26: WAS | AN26: - | AO26: RB | AP26: =AK26-0.01 -> 8.13 | AR26: HOU | AS26: - | AT26: WR | AU26: =AP26-0.01 -> 8.12 | AW26: BUF | AX26: - | AY26: DEF | AZ26: =AU26-0.01 -> 8.11 | BB26: HOU | BC26: - | BD26: WR | BE26: =AZ26-0.01 -> 8.1 | BG26: LAC | BH26: - | BI26: DEF | BJ26: =BE26-0.01 -> 8.09 | BL26: IND | BM26: - | BN26: WR | BO26: =BJ26-0.01 -> 8.08 | BQ26: BUF | BR26: - | BS26: QB | BT26: =BO26-0.01 -> 8.07 | BV26: DAL | BW26: - | BX26: WR | BY26: =BT26-0.01 -> 8.06 | CA26: SF | CB26: - | CC26: K | CD26: =BY26-0.01 -> 8.05 | CF26: NE | CG26: - | CH26: QB | CI26: =CD26-0.01 -> 8.04 | CK26: NYG | CL26: - | CM26: WR | CN26: =CI26-0.01 -> 8.03 | CP26: DET | CQ26: - | CR26: TE | CS26: =CN26-0.01 -> 8.02 | CU26: NO | CV26: - | CW26: K | CX26: =CS26-0.01 -> 8.01
B28: 9. Runde | D28: Harrison Butker | I28: Denver Broncos | N28: John Brown | S28: New England Patriots | X28: Derek Carr | AC28: Chris Thompson | AH28: D.K. Metcalf | AM28: Emmanuel Sanders | AR28: Tyrell Williams | AW28: Mike Badgley | BB28: Marquez Valdes-Scantling | BG28: Andy Dalton | BL28: Donte Moncrief | BQ28: Mason Crosby | BV28: Marquise Goodwin | CA28: Damien Harris | CF28: Chase Edmonds | CK28: Jake Elliott | CP28: Marqise Lee | CU28: N'Keal Harry
D29: KC | E29: - | F29: K | G29: =LEFT(B28,1)+0.01 -> 9.01 | I29: DEN | J29: - | K29: DEF | L29: =G29+0.01 -> 9.02 | N29: BUF | O29: - | P29: WR | Q29: =L29+0.01 -> 9.03 | S29: NE | T29: - | U29: DEF | V29: =Q29+0.01 -> 9.04 | X29: LV | Y29: - | Z29: QB | AA29: =V29+0.01 -> 9.05 | AC29: WAS | AD29: - | AE29: RB | AF29: =AA29+0.01 -> 9.06 | AH29: SEA | AI29: - | AJ29: WR | AK29: =AF29+0.01 -> 9.07 | AM29: SF | AN29: - | AO29: WR | AP29: =AK29+0.01 -> 9.08 | AR29: LV | AS29: - | AT29: WR | AU29: =AP29+0.01 -> 9.09 | AW29: LAC | AX29: - | AY29: K | AZ29: =AU29+0.01 -> 9.1 | BB29: GB | BC29: - | BD29: WR | BE29: =AZ29+0.01 -> 9.11 | BG29: CIN | BH29: - | BI29: QB | BJ29: =BE29+0.01 -> 9.12 | BM29: - | BN29: WR | BO29: =BJ29+0.01 -> 9.13 | BQ29: GB | BR29: - | BS29: K | BT29: =BO29+0.01 -> 9.14 | BV29: SF | BW29: - | BX29: WR | BY29: =BT29+0.01 -> 9.15 | CA29: NE | CB29: - | CC29: RB | CD29: =BY29+0.01 -> 9.16 | CF29: ARI | CG29: - | CH29: RB | CI29: =CD29+0.01 -> 9.17 | CK29: PHI | CL29: - | CM29: K | CN29: =CI29+0.01 -> 9.18 | CP29: JAC | CQ29: - | CR29: WR | CS29: =CN29+0.01 -> 9.19 | CU29: NE | CV29: - | CW29: WR | CX29: =CS29+0.01 -> 9.2
B31: 10. Runde | D31: Jamison Crowder | I31: Brett Maher | N31: C.J. Anderson | S31: Jameis Washington | X31: Greg Olsen | AC31: Ryan Fitzpatrick | AH31: Adam Vinatieri | AM31: Dwayne Haskins | AR31: Marquise Brown | AW31: Eli Manning | BB31: Joe Flacco | BG31: Jaylen Samuels | BL31: Adam Humphries | BQ31: Jordan Reed | BV31: Benny Snell | CA31: Marcus Mariota | CF31: Andy Isabella | CK31: Nick Foles | CP31: Jamaal Williams | CU31: Josh Rosen
D32: NYJ | E32: - | F32: WR | G32: =LEFT(B31,2)+0.2 -> 10.2 | I32: IND | J32: - | K32: K | L32: =G32-0.01 -> 10.19 | O32: - | P32: RB | Q32: =L32-0.01 -> 10.18 | S32: PIT | T32: - | U32: WR | V32: =Q32-0.01 -> 10.17 | X32: CAR | Y32: - | Z32: TE | AA32: =V32-0.01 -> 10.16 | AC32: MIA | AD32: - | AE32: QB | AF32: =AA32-0.01 -> 10.15 | AH32: IND | AI32: - | AJ32: K | AK32: =AF32-0.01 -> 10.14 | AM32: WAS | AN32: - | AO32: QB | AP32: =AK32-0.01 -> 10.13 | AR32: BAL | AS32: - | AT32: WR | AU32: =AP32-0.01 -> 10.12 | AW32: NYG | AX32: - | AY32: QB | AZ32: =AU32-0.01 -> 10.11 | BB32: DEN | BC32: - | BD32: QB | BE32: =AZ32-0.01 -> 10.1 | BG32: PIT | BH32: - | BI32: RB | BJ32: =BE32-0.01 -> 10.09 | BL32: TEN | BN32: WR | BO32: =BJ32-0.01 -> 10.08 | BQ32: WAS | BR32: - | BS32: TE | BT32: =BO32-0.01 -> 10.07 | BV32: PIT | BW32: - | BX32: RB | BY32: =BT32-0.01 -> 10.06 | CA32: TEN | CB32: - | CC32: QB | CD32: =BY32-0.01 -> 10.05 | CF32: ARI | CG32: - | CH32: RB | CI32: =CD32-0.01 -> 10.04 | CK32: JAC | CL32: - | CM32: QB | CN32: =CI32-0.01 -> 10.03 | CP32: GB | CQ32: - | CR32: RB | CS32: =CN32-0.01 -> 10.02 | CU32: MIA | CV32: - | CW32: QB | CX32: =CS32-0.01 -> 10.01
B34: 11. Runde | D34: Justin Jackson | I34: Justice Hill | N34: Dallas Goedert | S34: Matt Prater | X34: Dallas Cowboys | AC34: DaeSean Hamilton | AH34: Gerald Everett | AM34: Philadelphia Eagles | AR34: Jason Myers | AW34: Chris Herndon | BB34: Mike Davis | BG34: Albert Wilson | BL34: Alexander Mattison | BQ34: Seattle Seahawks | BV34: Tennessee Titans | CA34: Mohamed Sanu | CF34: Atlanta Falcons | CK34: Devin Singletary | CP34: Pittsburgh Steelers | CU34: Dan Bailey
D35: LAC | E35: - | F35: RB | G35: =LEFT(B34,2)+0.01 -> 11.01 | I35: BAL | J35: - | K35: RB | L35: =G35+0.01 -> 11.02 | N35: PHI | O35: - | P35: TE | Q35: =L35+0.01 -> 11.03 | S35: DET | T35: - | U35: K | V35: =Q35+0.01 -> 11.04 | X35: DAL | Y35: - | Z35: DEF | AA35: =V35+0.01 -> 11.05 | AC35: DEN | AD35: - | AE35: WR | AF35: =AA35+0.01 -> 11.06 | AH35: LAR | AI35: - | AJ35: TE | AK35: =AF35+0.01 -> 11.07 | AM35: PHI | AN35: - | AO35: DEF | AP35: =AK35+0.01 -> 11.08 | AR35: SEA | AS35: - | AT35: K | AU35: =AP35+0.01 -> 11.09 | AW35: NYJ | AX35: - | AY35: TE | AZ35: =AU35+0.01 -> 11.1 | BB35: CAR | BC35: - | BD35: RB | BE35: =AZ35+0.01 -> 11.11 | BG35: MIA | BH35: - | BI35: WR | BJ35: =BE35+0.01 -> 11.12 | BL35: MIN | BM35: - | BN35: RB | BO35: =BJ35+0.01 -> 11.13 | BQ35: SEA | BR35: - | BS35: DEF | BT35: =BO35+0.01 -> 11.14 | BV35: TEN | BW35: - | BX35: DEF | BY35: =BT35+0.01 -> 11.15 | CA35: NE | CB35: - | CC35: WR | CD35: =BY35+0.01 -> 11.16 | CF35: ATL | CG35: - | CH35: DEF | CI35: =CD35+0.01 -> 11.17 | CK35: BUF | CL35: - | CM35: RB | CN35: =CI35+0.01 -> 11.18 | CP35: PIT | CQ35: - | CR35: DEF | CS35: =CN35+0.01 -> 11.19 | CU35: MIN | CV35: - | CW35: K | CX35: =CS35+0.01 -> 11.2
B37: 12. Runde | D37: Case Keenum | I37: Parris Campbell | N37: DeVante Parker | S37: Ian Thomas | X37: Rex Burkhead | AC37: Cameron Brate | AH37: New York Jets | AM37: Daniel Carlos | AR37: Indianapolis Colts | AW37: Gus Edwards | BB37: Tre'Quan Smith | BG37: Mike Gesicki | BL37: Green Bay Packers | BQ37: Giovani Bernard | BV37: Tyler Eifert | CA37: Jason Witten | CF37: Josh Lambo | CK37: Robert Foster | CP37: Giorgio Tavecchio | CU37: Kansas City Chiefs
D38: WAS | E38: - | F38: QB | G38: =LEFT(B37,2)+0.2 -> 12.2 | I38: IND | J38: - | K38: WR | L38: =G38-0.01 -> 12.19 | N38: MIA | O38: - | P38: WR | Q38: =L38-0.01 -> 12.18 | S38: CAR | T38: - | U38: TE | V38: =Q38-0.01 -> 12.17 | X38: NE | Y38: - | Z38: RB | AA38: =V38-0.01 -> 12.16 | AC38: TB | AD38: - | AE38: TE | AF38: =AA38-0.01 -> 12.15 | AH38: NYJ | AI38: - | AJ38: DEF | AK38: =AF38-0.01 -> 12.14 | AM38: LV | AN38: - | AO38: K | AP38: =AK38-0.01 -> 12.13 | AR38: IND | AS38: - | AT38: DEF | AU38: =AP38-0.01 -> 12.12 | AW38: BAL | AX38: - | AY38: RB | AZ38: =AU38-0.01 -> 12.11 | BB38: NO | BC38: - | BD38: WR | BE38: =AZ38-0.01 -> 12.1 | BG38: MIA | BH38: - | BI38: TE | BJ38: =BE38-0.01 -> 12.09 | BL38: GB | BM38: - | BN38: DEF | BO38: =BJ38-0.01 -> 12.08 | BQ38: CIN | BR38: - | BS38: RB | BT38: =BO38-0.01 -> 12.07 | BV38: CIN | BW38: - | BX38: TE | BY38: =BT38-0.01 -> 12.06 | CA38: DAL | CB38: - | CC38: TE | CD38: =BY38-0.01 -> 12.05 | CF38: JAC | CG38: - | CH38: K | CI38: =CD38-0.01 -> 12.04 | CK38: BUF | CL38: - | CM38: WR | CN38: =CI38-0.01 -> 12.03 | CQ38: - | CR38: K | CS38: =CN38-0.01 -> 12.02 | CU38: KC | CV38: - | CW38: DEF | CX38: =CS38-0.01 -> 12.01
B40: 13. Runde | D40: Frank Gore | I40: Daniel Jones | N40: Carolina Panthers | S40: Malcolm Brown | X40: Quincy Enunwa | AC40: Garham Gano | AH40: Will Dissly | AM40: Matt LaCosse | AR40: Elija MCGuire | AW40: David Moore | BB40: Ricky Seals-Jones | BG40: T.J. Yeldon | BL40: Darren Waller | BQ40: Deebo Samuel | BV40: Ryan Tannehill | CA40: Zay Jones | CF40: Philip Dorsett | CK40: Hayden Hurst | CP40: Nick Vanett | CU40: Jermaine Gresham
D41: BUF | E41: - | F41: RB | G41: =LEFT(B40,2)+0.01 -> 13.01 | I41: NYG | J41: - | K41: QB | L41: =G41+0.01 -> 13.02 | N41: CAR | O41: - | P41: DEF | Q41: =L41+0.01 -> 13.03 | S41: LAR | T41: - | U41: RB | V41: =Q41+0.01 -> 13.04 | X41: NYJ | Y41: - | Z41: WR | AA41: =V41+0.01 -> 13.05 | AC41: CAR | AD41: - | AE41: K | AF41: =AA41+0.01 -> 13.06 | AH41: SEA | AI41: - | AJ41: TE | AK41: =AF41+0.01 -> 13.07 | AM41: NE | AN41: - | AO41: TE | AP41: =AK41+0.01 -> 13.08 | AR41: KC | AS41: - | AT41: RB | AU41: =AP41+0.01 -> 13.09 | AW41: SEA | AX41: - | AY41: WR | AZ41: =AU41+0.01 -> 13.1 | BB41: CLE | BC41: - | BD41: TE | BE41: =AZ41+0.01 -> 13.11 | BG41: BUF | BH41: - | BI41: RB | BJ41: =BE41+0.01 -> 13.12 | BL41: LV | BM41: - | BN41: TE | BO41: =BJ41+0.01 -> 13.13 | BQ41: SF | BR41: - | BS41: WR | BT41: =BO41+0.01 -> 13.14 | BV41: TEN | BW41: - | BX41: QB | BY41: =BT41+0.01 -> 13.15 | CA41: LV | CB41: - | CC41: WR | CD41: =BY41+0.01 -> 13.16 | CF41: NE | CG41: - | CH41: WR | CI41: =CD41+0.01 -> 13.17 | CK41: BAL | CL41: - | CM41: TE | CN41: =CI41+0.01 -> 13.18 | CP41: PIT | CQ41: - | CR41: TE | CS41: =CN41+0.01 -> 13.19 | CV41: - | CW41: TE | CX41: =CS41+0.01 -> 13.2
B43: 14. Runde | D43: Ted Ginn | I43: Irc Smith | N43: Greg joseph | S43: Taylor Gabriel | X43: Antonio Callaway | AC43: San Francisco 49ers | AH43: Alfred Blue | AM43: Corey Clement | AR43: Charles Clay | AW43: Aldrick Rosas | BB43: Chris Boswell | BG43: Mecole Hardman | BL43: Ryan Succop | BQ43: Ryquell Armstead | BV43: Tony Pollard | CA43: Detroit Lions | CF43: Dawson Knox | CK43: Arizona Cardinals | CP43: Washington Redskins | CU43: Doug Martin
D44: NO | E44: - | F44: WR | G44: =LEFT(B43,2)+0.2 -> 14.2 | I44: MIN | J44: - | K44: TE | L44: =G44-0.01 -> 14.19 | N44: TEN | O44: - | P44: K | Q44: =L44-0.01 -> 14.18 | S44: CHI | T44: - | U44: WR | V44: =Q44-0.01 -> 14.17 | X44: CLE | Y44: - | Z44: WR | AA44: =V44-0.01 -> 14.16 | AC44: SF | AD44: - | AE44: DEF | AF44: =AA44-0.01 -> 14.15 | AJ44: RB | AK44: =AF44-0.01 -> 14.14 | AM44: PHI | AN44: - | AO44: RB | AP44: =AK44-0.01 -> 14.13 | AR44: ARI | AS44: - | AT44: TE | AU44: =AP44-0.01 -> 14.12 | AW44: NYG | AX44: - | AY44: K | AZ44: =AU44-0.01 -> 14.11 | BB44: PIT | BC44: - | BD44: K | BE44: =AZ44-0.01 -> 14.1 | BG44: KC | BH44: - | BI44: WR | BJ44: =BE44-0.01 -> 14.09 | BL44: TEN | BM44: - | BN44: K | BO44: =BJ44-0.01 -> 14.08 | BQ44: JAC | BR44: - | BS44: RB | BT44: =BO44-0.01 -> 14.07 | BV44: DAL | BW44: - | BX44: RB | BY44: =BT44-0.01 -> 14.06 | CA44: DET | CB44: - | CC44: DEF | CD44: =BY44-0.01 -> 14.05 | CF44: BUF | CG44: - | CH44: TE | CI44: =CD44-0.01 -> 14.04 | CK44: ARI | CL44: - | CM44: DEF | CN44: =CI44-0.01 -> 14.03 | CP44: WAS | CQ44: - | CR44: DEF | CS44: =CN44-0.01 -> 14.02 | CV44: - | CW44: RB | CX44: =CS44-0.01 -> 14.01
B46: 15. Runde | D46: New York Giants | I46: Randall Cobb | N46: Drew Lock | S46: Brandon McManus | X46: Stephen Hauschka | AC46: Kenneth Dixon | AH46: Cole Beasley | AM46: Chris Hogan | AR46: Ty Montgomery | AW46: A.J. Brown | BB46: D'Onta Foreman | BG46: Cairo Santos | BL46: D.J. Chark | BQ46: Chanlder Catanzaro | BV46: Dustin Hopkins | CA46: The Riddick | CF46: Travis Homer | CK46: Randy Bullock | CP46: Taysom Hill | CU46: Miami Dolphins
D47: NYG | E47: - | F47: DEF | G47: =LEFT(B46,2)+0.01 -> 15.01 | I47: DAL | J47: - | K47: WR | L47: =G47+0.01 -> 15.02 | N47: DEN | O47: - | P47: QB | Q47: =L47+0.01 -> 15.03 | S47: DEN | T47: - | U47: K | V47: =Q47+0.01 -> 15.04 | X47: BUF | Y47: - | Z47: K | AA47: =V47+0.01 -> 15.05 | AC47: NYJ | AD47: - | AE47: RB | AF47: =AA47+0.01 -> 15.06 | AH47: BUF | AI47: - | AJ47: WR | AK47: =AF47+0.01 -> 15.07 | AM47: CAR | AN47: - | AO47: WR | AP47: =AK47+0.01 -> 15.08 | AR47: NYJ | AS47: - | AT47: RB | AU47: =AP47+0.01 -> 15.09 | AW47: TEN | AX47: - | AY47: WR | AZ47: =AU47+0.01 -> 15.1 | BC47: - | BD47: RB | BE47: =AZ47+0.01 -> 15.11 | BH47: - | BI47: K | BJ47: =BE47+0.01 -> 15.12 | BL47: JAC | BM47: - | BN47: WR | BO47: =BJ47+0.01 -> 15.13 | BQ47: NYJ | BR47: - | BS47: K | BT47: =BO47+0.01 -> 15.14 | BV47: WAS | BW47: - | BX47: K | BY47: =BT47+0.01 -> 15.15 | CA47: DEN | CB47: - | CC47: RB | CD47: =BY47+0.01 -> 15.16 | CF47: SEA | CG47: - | CH47: RB | CI47: =CD47+0.01 -> 15.17 | CK47: CIN | CL47: - | CM47: K | CN47: =CI47+0.01 -> 15.18 | CP47: NO | CQ47: - | CR47: QB | CS47: =CN47+0.01 -> 15.19 | CU47: MIA | CV47: - | CW47: DEF | CX47: =CS47+0.01 -> 15.2
F50: QB
F52: RB
F54: WR
F56: TE
F58: DEF
F60: K

Sheet Draft Statistics
D2: QB | F2: RB | H2: WR | J2: TE | L2: DEF | N2: K
B4: 1. Runde | D4: =COUNTIF('Draft Board'!D5:CX5,"QB") -> 4 | F4: =COUNTIF('Draft Board'!D5:CX5,"RB") -> 12 | H4: =COUNTIF('Draft Board'!D5:CX5,"WR") -> 3 | J4: =COUNTIF('Draft Board'!D5:CX5,"TE") -> 1 | L4: =COUNTIF('Draft Board'!D5:CX5,"DEF") -> 0 | N4: =COUNTIF('Draft Board'!D5:CX5,"K") -> 0
B6: 2. Runde | D6: =COUNTIF('Draft Board'!D8:CX8,"QB") -> 3 | F6: =COUNTIF('Draft Board'!D8:CX8,"RB") -> 9 | H6: =COUNTIF('Draft Board'!D8:CX8,"WR") -> 8 | J6: =COUNTIF('Draft Board'!D8:CX8,"TE") -> 0 | L6: =COUNTIF('Draft Board'!D8:CX8,"DEF") -> 0 | N6: =COUNTIF('Draft Board'!D8:CX8,"K") -> 0
B8: 3. Runde | D8: =COUNTIF('Draft Board'!D11:CX11,"QB") -> 6 | F8: =COUNTIF('Draft Board'!D11:CX11,"RB") -> 3 | H8: =COUNTIF('Draft Board'!D11:CX11,"WR") -> 8 | J8: =COUNTIF('Draft Board'!D11:CX11,"TE") -> 3 | L8: =COUNTIF('Draft Board'!D11:CX11,"DEF") -> 0 | N8: =COUNTIF('Draft Board'!D11:CX11,"K") -> 0
B10: 4. Runde | D10: =COUNTIF('Draft Board'!D14:CX14,"QB") -> 2 | F10: =COUNTIF('Draft Board'!D14:CX14,"RB") -> 7 | H10: =COUNTIF('Draft Board'!D14:CX14,"WR") -> 6 | J10: =COUNTIF('Draft Board'!D14:CX14,"TE") -> 4 | L10: =COUNTIF('Draft Board'!D14:CX14,"DEF") -> 1 | N10: =COUNTIF('Draft Board'!D14:CX14,"K") -> 0
B12: 5. Runde | D12: =COUNTIF('Draft Board'!D17:CX17,"QB") -> 2 | F12: =COUNTIF('Draft Board'!D17:CX17,"RB") -> 7 | H12: =COUNTIF('Draft Board'!D17:CX17,"WR") -> 7 | J12: =COUNTIF('Draft Board'!D17:CX17,"TE") -> 2 | L12: =COUNTIF('Draft Board'!D17:CX17,"DEF") -> 1 | N12: =COUNTIF('Draft Board'!D17:CX17,"K") -> 1
B14: 6. Runde | D14: =COUNTIF('Draft Board'!D20:CX20,"QB") -> 1 | F14: =COUNTIF('Draft Board'!D20:CX20,"RB") -> 5 | H14: =COUNTIF('Draft Board'!D20:CX20,"WR") -> 7 | J14: =COUNTIF('Draft Board'!D20:CX20,"TE") -> 4 | L14: =COUNTIF('Draft Board'!D20:CX20,"DEF") -> 2 | N14: =COUNTIF('Draft Board'!D20:CX20,"K") -> 1
B16: 7. Runde | D16: =COUNTIF('Draft Board'!D23:CX23,"QB") -> 2 | F16: =COUNTIF('Draft Board'!D23:CX23,"RB") -> 6 | H16: =COUNTIF('Draft Board'!D23:CX23,"WR") -> 4 | J16: =COUNTIF('Draft Board'!D23:CX23,"TE") -> 4 | L16: =COUNTIF('Draft Board'!D23:CX23,"DEF") -> 3 | N16: =COUNTIF('Draft Board'!D23:CX23,"K") -> 1
B18: 8. Runde | D18: =COUNTIF('Draft Board'!D26:CX26,"QB") -> 4 | F18: =COUNTIF('Draft Board'!D26:CX26,"RB") -> 3 | H18: =COUNTIF('Draft Board'!D26:CX26,"WR") -> 6 | J18: =COUNTIF('Draft Board'!D26:CX26,"TE") -> 1 | L18: =COUNTIF('Draft Board'!D26:CX26,"DEF") -> 3 | N18: =COUNTIF('Draft Board'!D26:CX26,"K") -> 3
B20: 9. Runde | D20: =COUNTIF('Draft Board'!D29:CX29,"QB") -> 2 | F20: =COUNTIF('Draft Board'!D29:CX29,"RB") -> 3 | H20: =COUNTIF('Draft Board'!D29:CX29,"WR") -> 9 | J20: =COUNTIF('Draft Board'!D29:CX29,"TE") -> 0 | L20: =COUNTIF('Draft Board'!D29:CX29,"DEF") -> 2 | N20: =COUNTIF('Draft Board'!D29:CX29,"K") -> 4
B22: 10. Runde | D22: =COUNTIF('Draft Board'!D32:CX32,"QB") -> 7 | F22: =COUNTIF('Draft Board'!D32:CX32,"RB") -> 5 | H22: =COUNTIF('Draft Board'!D32:CX32,"WR") -> 4 | J22: =COUNTIF('Draft Board'!D32:CX32,"TE") -> 2 | L22: =COUNTIF('Draft Board'!D32:CX32,"DEF") -> 0 | N22: =COUNTIF('Draft Board'!D32:CX32,"K") -> 2
B24: 11. Runde | D24: =COUNTIF('Draft Board'!D35:CX35,"QB") -> 0 | F24: =COUNTIF('Draft Board'!D35:CX35,"RB") -> 5 | H24: =COUNTIF('Draft Board'!D35:CX35,"WR") -> 3 | J24: =COUNTIF('Draft Board'!D35:CX35,"TE") -> 3 | L24: =COUNTIF('Draft Board'!D35:CX35,"DEF") -> 6 | N24: =COUNTIF('Draft Board'!D35:CX35,"K") -> 3
B26: 12. Runde | D26: =COUNTIF('Draft Board'!D38:CX38,"QB") -> 1 | F26: =COUNTIF('Draft Board'!D38:CX38,"RB") -> 3 | H26: =COUNTIF('Draft Board'!D38:CX38,"WR") -> 4 | J26: =COUNTIF('Draft Board'!D38:CX38,"TE") -> 5 | L26: =COUNTIF('Draft Board'!D38:CX38,"DEF") -> 4 | N26: =COUNTIF('Draft Board'!D38:CX38,"K") -> 3
B28: 13. Runde | D28: =COUNTIF('Draft Board'!D41:CX41,"QB") -> 2 | F28: =COUNTIF('Draft Board'!D41:CX41,"RB") -> 4 | H28: =COUNTIF('Draft Board'!D41:CX41,"WR") -> 5 | J28: =COUNTIF('Draft Board'!D41:CX41,"TE") -> 7 | L28: =COUNTIF('Draft Board'!D41:CX41,"DEF") -> 1 | N28: =COUNTIF('Draft Board'!D41:CX41,"K") -> 1
B30: 14. Runde | D30: =COUNTIF('Draft Board'!D44:CX44,"QB") -> 0 | F30: =COUNTIF('Draft Board'!D44:CX44,"RB") -> 5 | H30: =COUNTIF('Draft Board'!D44:CX44,"WR") -> 4 | J30: =COUNTIF('Draft Board'!D44:CX44,"TE") -> 3 | L30: =COUNTIF('Draft Board'!D44:CX44,"DEF") -> 4 | N30: =COUNTIF('Draft Board'!D44:CX44,"K") -> 4
B32: 15. Runde | D32: =COUNTIF('Draft Board'!D47:CX47,"QB") -> 2 | F32: =COUNTIF('Draft Board'!D47:CX47,"RB") -> 5 | H32: =COUNTIF('Draft Board'!D47:CX47,"WR") -> 5 | J32: =COUNTIF('Draft Board'!D47:CX47,"TE") -> 0 | L32: =COUNTIF('Draft Board'!D47:CX47,"DEF") -> 2 | N32: =COUNTIF('Draft Board'!D47:CX47,"K") -> 6
B34: Total | D34: =SUM(D4:D32) -> 38 | F34: =SUM(F4:F32) -> 82 | H34: =SUM(H4:H32) -> 83 | J34: =SUM(J4:J32) -> 39 | L34: =SUM(L4:L32) -> 29 | N34: =SUM(N4:N32) -> 29

Sheet Team Statistics
B2: Team | C2: Picks
B4: ARI | C4: =COUNTIF('Draft Board'!$D$3:$CZ$47,'Team Statistics'!B4) -> 9
B6: ATL | C6: =COUNTIF('Draft Board'!$D$3:$CZ$47,'Team Statistics'!B6) -> 6
B8: BAL | C8: =COUNTIF('Draft Board'!$D$3:$CZ$47,'Team Statistics'!B8) -> 9
B10: BUF | C10: =COUNTIF('Draft Board'!$D$3:$CZ$47,'Team Statistics'!B10) -> 10
B12: CAR | C12: =COUNTIF('Draft Board'!$D$3:$CZ$47,'Team Statistics'!B12) -> 10
B14: CHI | C14: =COUNTIF('Draft Board'!$D$3:$CZ$47,'Team Statistics'!B14) -> 8
B16: CIN | C16: =COUNTIF('Draft Board'!$D$3:$CZ$47,'Team Statistics'!B16) -> 7
B18: CLE | C18: =COUNTIF('Draft Board'!$D$3:$CZ$47,'Team Statistics'!B18) -> 9
B20: DAL | C20: =COUNTIF('Draft Board'!$D$3:$CZ$47,'Team Statistics'!B20) -> 8
B22: DEN | C22: =COUNTIF('Draft Board'!$D$3:$CZ$47,'Team Statistics'!B22) -> 10
B24: DET | C24: =COUNTIF('Draft Board'!$D$3:$CZ$47,'Team Statistics'!B24) -> 7
B26: GB | C26: =COUNTIF('Draft Board'!$D$3:$CZ$47,'Team Statistics'!B26) -> 9
... B66: WAS | C66: =COUNTIF('Draft Board'!$D$3:$CZ$47,'Team Statistics'!B66) -> 8
B68: FA | C68: =300-C70 -> 10
B70: Summe: | C70: =SUM(C4:C66) -> 290
