Workbook

Sheet Draft Board
A1: f
D2: Brady Gaga | I2: Bishop Sycamore | N2: Amity Island Sharks | S2: Bojangles Pornstars | X2: Foxboro Forever | AC2: Wiesbaden Phantoms | AH2: Pep's Band | AM2: Zeugen Ray Lewis | AR2: Frankfurt Packers | AW2: Steelersnation 7 | BB2: E-Town Elephants | BG2: The 49vengers | BL2: Randy Moss LoB Juenger | BQ2: Johnny Manziel and Friends | BV2: BearD | CA2: K-Town Devils | CF2: Thunder Ducks | CK2: the Boys | CP2: Fighting Farmers | CU2: Broken Bembels ULB
B4: 1. Runde | D4: Christian McCaffrey | I4: Tyreek Hill | N4: CeeDee Lamb | S4: Ja'Marr Chase | X4: Breece Hall | AC4: Travis Kelce | AH4: Bijan Robinson | AM4: Jahmyr Gibbs | AR4: Amon-Ra St. Brown | AW4: Derrick Henry | BB4: Josh Jacobs | BG4: Justin Jefferson | BL4: A.J. Brown | BQ4: Josh Allen | BV4: Garrett Wilson | CA4: Saquon Barkley | CF4: Jonathan Taylor | CK4: Kyren Williams | CP4: Travis Etienne Jr. | CU4: De'Von Achane
D5: =IF(D4="","",VLOOKUP(D4,'[1]All Player'!$A$2:$D$517,2,FALSE)) -> SF | E5: - | F5: =IF(D4="","",VLOOKUP(D4,'[1]All Player'!$A$2:$D$517,4,FALSE)) -> RB | G5: =LEFT(B4,1)+0.01 -> 1.01 | I5: =IF(I4="","",VLOOKUP(I4,'[1]All Player'!$A$2:$D$517,2,FALSE)) -> MIA | J5: - | K5: =IF(I4="","",VLOOKUP(I4,'[1]All Player'!$A$2:$D$517,4,FALSE)) -> WR | L5: =G5+0.01 -> 1.02 | N5: =IF(N4="","",VLOOKUP(N4,'[1]All Player'!$A$2:$D$517,2,FALSE)) -> DAL | O5: - | P5: =IF(N4="","",VLOOKUP(N4,'[1]All Player'!$A$2:$D$517,4,FALSE)) -> WR | Q5: =L5+0.01 -> 1.03 | S5: =IF(S4="","",VLOOKUP(S4,'[1]All Player'!$A$2:$D$517,2,FALSE)) -> CIN | T5: - | U5: =IF(S4="","",VLOOKUP(S4,'[1]All Player'!$A$2:$D$517,4,FALSE)) -> WR | V5: =Q5+0.01 -> 1.04 | X5: =IF(X4="","",VLOOKUP(X4,'[1]All Player'!$A$2:$D$517,2,FALSE)) -> NYJ | Y5: - | Z5: =IF(X4="","",VLOOKUP(X4,'[1]All Player'!$A$2:$D$517,4,FALSE)) -> RB | AA5: =V5+0.01 -> 1.05 | AC5: =IF(AC4="","",VLOOKUP(AC4,'[1]All Player'!$A$2:$D$517,2,FALSE)) -> KC | AD5: - | AE5: =IF(AC4="","",VLOOKUP(AC4,'[1]All Player'!$A$2:$D$517,4,FALSE)) -> TE | AF5: =AA5+0.01 -> 1.06 | AH5: =IF(AH4="","",VLOOKUP(AH4,'[1]All Player'!$A$2:$D$517,2,FALSE)) -> ATL | AI5: - | AJ5: =IF(AH4="","",VLOOKUP(AH4,'[1]All Player'!$A$2:$D$517,4,FALSE)) -> RB | AK5: =AF5+0.01 -> 1.07 | AM5: =IF(AM4="","",VLOOKUP(AM4,'[1]All Player'!$A$2:$D$517,2,FALSE)) -> DET | AN5: - | AO5: =IF(AM4="","",VLOOKUP(AM4,'[1]All Player'!$A$2:$D$517,4,FALSE)) -> RB | AP5: =AK5+0.01 -> 1.08 | AR5: =IF(AR4="","",VLOOKUP(AR4,'[1]All Player'!$A$2:$D$517,2,FALSE)) -> DET | AS5: - | AT5: =IF(AR4="","",VLOOKUP(AR4,'[1]All Player'!$A$2:$D$517,4,FALSE)) -> WR | AU5: =AP5+0.01 -> 1.09 | AW5: =IF(AW4="","",VLOOKUP(AW4,'[1]All Player'!$A$2:$D$517,2,FALSE)) -> BAL | AX5: - | AY5: =IF(AW4="","",VLOOKUP(AW4,'[1]All Player'!$A$2:$D$517,4,FALSE)) -> RB | AZ5: =AU5+0.01 -> 1.1 | BB5: =IF(BB4="","",VLOOKUP(BB4,'[1]All Player'!$A$2:$D$517,2,FALSE)) -> GB | BC5: - | BD5: =IF(BB4="","",VLOOKUP(BB4,'[1]All Player'!$A$2:$D$517,4,FALSE)) -> RB | BE5: =AZ5+0.01 -> 1.11 | BG5: =IF(BG4="","",VLOOKUP(BG4,'[1]All Player'!$A$2:$D$517,2,FALSE)) -> MIN | BH5: - | BI5: =IF(BG4="","",VLOOKUP(BG4,'[1]All Player'!$A$2:$D$517,4,FALSE)) -> WR | BJ5: =BE5+0.01 -> 1.12 | BL5: =IF(BL4="","",VLOOKUP(BL4,'[1]All Player'!$A$2:$D$517,2,FALSE)) -> PHI | BM5: - | BN5: =IF(BL4="","",VLOOKUP(BL4,'[1]All Player'!$A$2:$D$517,4,FALSE)) -> WR | BO5: =BJ5+0.01 -> 1.13 | BQ5: =IF(BQ4="","",VLOOKUP(BQ4,'[1]All Player'!$A$2:$D$517,2,FALSE)) -> BUF | BR5: - | BS5: =IF(BQ4="","",VLOOKUP(BQ4,'[1]All Player'!$A$2:$D$517,4,FALSE)) -> QB | BT5: =BO5+0.01 -> 1.14 | BV5: =IF(BV4="","",VLOOKUP(BV4,'[1]All Player'!$A$2:$D$517,2,FALSE)) -> NYJ | BW5: - | BX5: =IF(BV4="","",VLOOKUP(BV4,'[1]All Player'!$A$2:$D$517,4,FALSE)) -> WR | BY5: =BT5+0.01 -> 1.15 | CA5: =IF(CA4="","",VLOOKUP(CA4,'[1]All Player'!$A$2:$D$517,2,FALSE)) -> PHI | CB5: - | CC5: =IF(CA4="","",VLOOKUP(CA4,'[1]All Player'!$A$2:$D$517,4,FALSE)) -> RB | CD5: =BY5+0.01 -> 1.16 | CF5: =IF(CF4="","",VLOOKUP(CF4,'[1]All Player'!$A$2:$D$517,2,FALSE)) -> IND | CG5: - | CH5: =IF(CF4="","",VLOOKUP(CF4,'[1]All Player'!$A$2:$D$517,4,FALSE)) -> RB | CI5: =CD5+0.01 -> 1.17 | CK5: =IF(CK4="","",VLOOKUP(CK4,'[1]All Player'!$A$2:$D$517,2,FALSE)) -> LAR | CL5: - | CM5: =IF(CK4="","",VLOOKUP(CK4,'[1]All Player'!$A$2:$D$517,4,FALSE)) -> RB | CN5: =CI5+0.01 -> 1.18 | CP5: =IF(CP4="","",VLOOKUP(CP4,'[1]All Player'!$A$2:$D$517,2,FALSE)) -> JAC | CQ5: - | CR5: =IF(CP4="","",VLOOKUP(CP4,'[1]All Player'!$A$2:$D$517,4,FALSE)) -> RB | CS5: =CN5+0.01 -> 1.19 | CU5: =IF(CU4="","",VLOOKUP(CU4,'[1]All Player'!$A$2:$D$517,2,FALSE)) -> MIA | CV5: - | CW5: =IF(CU4="","",VLOOKUP(CU4,'[1]All Player'!$A$2:$D$517,4,FALSE)) -> RB | CX5: =CS5+0.01 -> 1.2
B7: 2. Runde | D7: Lamar Jackson | I7: Aaron Jones | N7: Jaylen Waddle | S7: DK Metcalf | X7: Michael Pittman Jr. | AC7: Kenneth Walker III | AH7: Joe Mixon | AM7: James Cook | AR7: James Conner | AW7: Deebo Samuel Sr. | BB7: Sam LaPorta | BG7: Jalen Hurts | BL7: Alvin Kamara | BQ7: Rachaad White | BV7: Chris Olave | CA7: Marvin Harrison Jr. | CF7: Isiah Pacheco | CK7: Brandon Aiyuk | CP7: Stefon Diggs | CU7: Puka Nacua
D8: =IF(D7="","",VLOOKUP(D7,'[1]All Player'!$A$2:$D$517,2,FALSE)) -> BAL | E8: - | F8: =IF(D7="","",VLOOKUP(D7,'[1]All Player'!$A$2:$D$517,4,FALSE)) -> QB | G8: =LEFT(B7,1)+0.2 -> 2.2 | I8: =IF(I7="","",VLOOKUP(I7,'[1]All Player'!$A$2:$D$517,2,FALSE)) -> MIN | J8: - | K8: =IF(I7="","",VLOOKUP(I7,'[1]All Player'!$A$2:$D$517,4,FALSE)) -> RB | L8: =G8-0.01 -> 2.19 | N8: =IF(N7="","",VLOOKUP(N7,'[1]All Player'!$A$2:$D$517,2,FALSE)) -> MIA | O8: - | P8: =IF(N7="","",VLOOKUP(N7,'[1]All Player'!$A$2:$D$517,4,FALSE)) -> WR | Q8: =L8-0.01 -> 2.18 | S8: =IF(S7="","",VLOOKUP(S7,'[1]All Player'!$A$2:$D$517,2,FALSE)) -> SEA | T8: - | U8: =IF(S7="","",VLOOKUP(S7,'[1]All Player'!$A$2:$D$517,4,FALSE)) -> WR | V8: =Q8-0.01 -> 2.17 | X8: =IF(X7="","",VLOOKUP(X7,'[1]All Player'!$A$2:$D$517,2,FALSE)) -> IND | Y8: - | Z8: =IF(X7="","",VLOOKUP(X7,'[1]All Player'!$A$2:$D$517,4,FALSE)) -> WR | AA8: =V8-0.01 -> 2.16 | AC8: =IF(AC7="","",VLOOKUP(AC7,'[1]All Player'!$A$2:$D$517,2,FALSE)) -> SEA | AD8: - | AE8: =IF(AC7="","",VLOOKUP(AC7,'[1]All Player'!$A$2:$D$517,4,FALSE)) -> RB | AF8: =AA8-0.01 -> 2.15 | AH8: =IF(AH7="","",VLOOKUP(AH7,'[1]All Player'!$A$2:$D$517,2,FALSE)) -> HOU | AI8: - | AJ8: =IF(AH7="","",VLOOKUP(AH7,'[1]All Player'!$A$2:$D$517,4,FALSE)) -> RB | AK8: =AF8-0.01 -> 2.14 | AM8: =IF(AM7="","",VLOOKUP(AM7,'[1]All Player'!$A$2:$D$517,2,FALSE)) -> BUF | AN8: - | AO8: =IF(AM7="","",VLOOKUP(AM7,'[1]All Player'!$A$2:$D$517,4,FALSE)) -> RB | AP8: =AK8-0.01 -> 2.13 | AR8: =IF(AR7="","",VLOOKUP(AR7,'[1]All Player'!$A$2:$D$517,2,FALSE)) -> ARI | AS8: - | AT8: =IF(AR7="","",VLOOKUP(AR7,'[1]All Player'!$A$2:$D$517,4,FALSE)) -> RB | AU8: =AP8-0.01 -> 2.12 | AW8: =IF(AW7="","",VLOOKUP(AW7,'[1]All Player'!$A$2:$D$517,2,FALSE)) -> SF | AX8: - | AY8: =IF(AW7="","",VLOOKUP(AW7,'[1]All Player'!$A$2:$D$517,4,FALSE)) -> WR | AZ8: =AU8-0.01 -> 2.11 | BB8: =IF(BB7="","",VLOOKUP(BB7,'[1]All Player'!$A$2:$D$517,2,FALSE)) -> DET | BC8: - | BD8: =IF(BB7="","",VLOOKUP(BB7,'[1]All Player'!$A$2:$D$517,4,FALSE)) -> TE | BE8: =AZ8-0.01 -> 2.1 | BG8: =IF(BG7="","",VLOOKUP(BG7,'[1]All Player'!$A$2:$D$517,2,FALSE)) -> PHI | BH8: - | BI8: =IF(BG7="","",VLOOKUP(BG7,'[1]All Player'!$A$2:$D$517,4,FALSE)) -> QB | BJ8: =BE8-0.01 -> 2.09 | BL8: =IF(BL7="","",VLOOKUP(BL7,'[1]All Player'!$A$2:$D$517,2,FALSE)) -> NO | BM8: - | BN8: =IF(BL7="","",VLOOKUP(BL7,'[1]All Player'!$A$2:$D$517,4,FALSE)) -> RB | BO8: =BJ8-0.01 -> 2.08 | BQ8: =IF(BQ7="","",VLOOKUP(BQ7,'[1]All Player'!$A$2:$D$517,2,FALSE)) -> TB | BR8: - | BS8: =IF(BQ7="","",VLOOKUP(BQ7,'[1]All Player'!$A$2:$D$517,4,FALSE)) -> RB | BT8: =BO8-0.01 -> 2.07 | BV8: =IF(BV7="","",VLOOKUP(BV7,'[1]All Player'!$A$2:$D$517,2,FALSE)) -> NO | BW8: - | BX8: =IF(BV7="","",VLOOKUP(BV7,'[1]All Player'!$A$2:$D$517,4,FALSE)) -> WR | BY8: =BT8-0.01 -> 2.06 | CA8: =IF(CA7="","",VLOOKUP(CA7,'[1]All Player'!$A$2:$D$517,2,FALSE)) -> ARI | CB8: - | CC8: =IF(CA7="","",VLOOKUP(CA7,'[1]All Player'!$A$2:$D$517,4,FALSE)) -> WR | CD8: =BY8-0.01 -> 2.05 | CF8: =IF(CF7="","",VLOOKUP(CF7,'[1]All Player'!$A$2:$D$517,2,FALSE)) -> KC | CG8: - | CH8: =IF(CF7="","",VLOOKUP(CF7,'[1]All Player'!$A$2:$D$517,4,FALSE)) -> RB | CI8: =CD8-0.01 -> 2.04 | CK8: =IF(CK7="","",VLOOKUP(CK7,'[1]All Player'!$A$2:$D$517,2,FALSE)) -> SF | CL8: - | CM8: =IF(CK7="","",VLOOKUP(CK7,'[1]All Player'!$A$2:$D$517,4,FALSE)) -> WR | CN8: =CI8-0.01 -> 2.03 | CP8: =IF(CP7="","",VLOOKUP(CP7,'[1]All Player'!$A$2:$D$517,2,FALSE)) -> HOU | CQ8: - | CR8: =IF(CP7="","",VLOOKUP(CP7,'[1]All Player'!$A$2:$D$517,4,FALSE)) -> WR | CS8: =CN8-0.01 -> 2.02 | CU8: =IF(CU7="","",VLOOKUP(CU7,'[1]All Player'!$A$2:$D$517,2,FALSE)) -> LAR | CV8: - | CW8: =IF(CU7="","",VLOOKUP(CU7,'[1]All Player'!$A$2:$D$517,4,FALSE)) -> WR | CX8: =CS8-0.01 -> 2.01
B10: 3. Runde | D10: Mike Evans | I10: Davante Adams | N10: David Montgomery | S10: Nick Chubb | X10: Rhamondre Stevenson | AC10: Drake London | AH10: D'Andre Swift | AM10: Cooper Kupp | AR10: Zamir White | AW10: Najee Harris | BB10: Tony Pollard | BG10: Mark Andrews | BL10: DJ Moore | BQ10: Nico Collins | BV10: Javonte Williams | CA10: Amari Cooper | CF10: DeVonta Smith | CK10: Tee Higgins | CP10: Patrick Mahomes II | CU10: Zay FLowers
D11: =IF(D10="","",VLOOKUP(D10,'[1]All Player'!$A$2:$D$517,2,FALSE)) -> TB | E11: - | F11: =IF(D10="","",VLOOKUP(D10,'[1]All Player'!$A$2:$D$517,4,FALSE)) -> WR | G11: =LEFT(B10,1)+0.01 -> 3.01 | I11: =IF(I10="","",VLOOKUP(I10,'[1]All Player'!$A$2:$D$517,2,FALSE)) -> LV | J11: - | K11: =IF(I10="","",VLOOKUP(I10,'[1]All Player'!$A$2:$D$517,4,FALSE)) -> WR | L11: =G11+0.01 -> 3.02 | N11: =IF(N10="","",VLOOKUP(N10,'[1]All Player'!$A$2:$D$517,2,FALSE)) -> DET | O11: - | P11: =IF(N10="","",VLOOKUP(N10,'[1]All Player'!$A$2:$D$517,4,FALSE)) -> RB | Q11: =L11+0.01 -> 3.03 | S11: =IF(S10="","",VLOOKUP(S10,'[1]All Player'!$A$2:$D$517,2,FALSE)) -> CLE | T11: - | U11: =IF(S10="","",VLOOKUP(S10,'[1]All Player'!$A$2:$D$517,4,FALSE)) -> RB | V11: =Q11+0.01 -> 3.04 | X11: =IF(X10="","",VLOOKUP(X10,'[1]All Player'!$A$2:$D$517,2,FALSE)) -> NE | Y11: - | Z11: =IF(X10="","",VLOOKUP(X10,'[1]All Player'!$A$2:$D$517,4,FALSE)) -> RB | AA11: =V11+0.01 -> 3.05 | AC11: =IF(AC10="","",VLOOKUP(AC10,'[1]All Player'!$A$2:$D$517,2,FALSE)) -> ATL | AD11: - | AE11: =IF(AC10="","",VLOOKUP(AC10,'[1]All Player'!$A$2:$D$517,4,FALSE)) -> WR | AF11: =AA11+0.01 -> 3.06 | AH11: =IF(AH10="","",VLOOKUP(AH10,'[1]All Player'!$A$2:$D$517,2,FALSE)) -> CHI | AI11: - | AJ11: =IF(AH10="","",VLOOKUP(AH10,'[1]All Player'!$A$2:$D$517,4,FALSE)) -> RB | AK11: =AF11+0.01 -> 3.07 | AM11: =IF(AM10="","",VLOOKUP(AM10,'[1]All Player'!$A$2:$D$517,2,FALSE)) -> LAR | AN11: - | AO11: =IF(AM10="","",VLOOKUP(AM10,'[1]All Player'!$A$2:$D$517,4,FALSE)) -> WR | AP11: =AK11+0.01 -> 3.08 | AR11: =IF(AR10="","",VLOOKUP(AR10,'[1]All Player'!$A$2:$D$517,2,FALSE)) -> LV | AS11: - | AT11: =IF(AR10="","",VLOOKUP(AR10,'[1]All Player'!$A$2:$D$517,4,FALSE)) -> RB | AU11: =AP11+0.01 -> 3.09 | AW11: =IF(AW10="","",VLOOKUP(AW10,'[1]All Player'!$A$2:$D$517,2,FALSE)) -> PIT | AX11: - | AY11: =IF(AW10="","",VLOOKUP(AW10,'[1]All Player'!$A$2:$D$517,4,FALSE)) -> RB | AZ11: =AU11+0.01 -> 3.1 | BB11: =IF(BB10="","",VLOOKUP(BB10,'[1]All Player'!$A$2:$D$517,2,FALSE)) -> TEN | BC11: - | BD11: =IF(BB10="","",VLOOKUP(BB10,'[1]All Player'!$A$2:$D$517,4,FALSE)) -> RB | BE11: =AZ11+0.01 -> 3.11 | BG11: =IF(BG10="","",VLOOKUP(BG10,'[1]All Player'!$A$2:$D$517,2,FALSE)) -> BAL | BH11: - | BI11: =IF(BG10="","",VLOOKUP(BG10,'[1]All Player'!$A$2:$D$517,4,FALSE)) -> TE | BJ11: =BE11+0.01 -> 3.12 | BL11: =IF(BL10="","",VLOOKUP(BL10,'[1]All Player'!$A$2:$D$517,2,FALSE)) -> CHI | BM11: - | BN11: =IF(BL10="","",VLOOKUP(BL10,'[1]All Player'!$A$2:$D$517,4,FALSE)) -> WR | BO11: =BJ11+0.01 -> 3.13 | BQ11: =IF(BQ10="","",VLOOKUP(BQ10,'[1]All Player'!$A$2:$D$517,2,FALSE)) -> HOU | BR11: - | BS11: =IF(BQ10="","",VLOOKUP(BQ10,'[1]All Player'!$A$2:$D$517,4,FALSE)) -> WR | BT11: =BO11+0.01 -> 3.14 | BV11: =IF(BV10="","",VLOOKUP(BV10,'[1]All Player'!$A$2:$D$517,2,FALSE)) -> DEN | BW11: - | BX11: =IF(BV10="","",VLOOKUP(BV10,'[1]All Player'!$A$2:$D$517,4,FALSE)) -> RB | BY11: =BT11+0.01 -> 3.15 | CA11: =IF(CA10="","",VLOOKUP(CA10,'[1]All Player'!$A$2:$D$517,2,FALSE)) -> CLE | CB11: - | CC11: =IF(CA10="","",VLOOKUP(CA10,'[1]All Player'!$A$2:$D$517,4,FALSE)) -> WR | CD11: =BY11+0.01 -> 3.16 | CF11: =IF(CF10="","",VLOOKUP(CF10,'[1]All Player'!$A$2:$D$517,2,FALSE)) -> PHI | CG11: - | CH11: =IF(CF10="","",VLOOKUP(CF10,'[1]All Player'!$A$2:$D$517,4,FALSE)) -> WR | CI11: =CD11+0.01 -> 3.17 | CK11: =IF(CK10="","",VLOOKUP(CK10,'[1]All Player'!$A$2:$D$517,2,FALSE)) -> CIN | CL11: - | CM11: =IF(CK10="","",VLOOKUP(CK10,'[1]All Player'!$A$2:$D$517,4,FALSE)) -> WR | CN11: =CI11+0.01 -> 3.18 | CP11: =IF(CP10="","",VLOOKUP(CP10,'[1]All Player'!$A$2:$D$517,2,FALSE)) -> KC | CQ11: - | CR11: =IF(CP10="","",VLOOKUP(CP10,'[1]All Player'!$A$2:$D$517,4,FALSE)) -> QB | CS11: =CN11+0.01 -> 3.19 | CU11: =IF(CU10="","",VLOOKUP(CU10,'[1]All Player'!$A$2:$D$517,2,FALSE)) -> BAL | CV11: - | CW11: =IF(CU10="","",VLOOKUP(CU10,'[1]All Player'!$A$2:$D$517,4,FALSE)) -> WR | CX11: =CS11+0.01 -> 3.2
B13: 4. Runde | D13: Zack Moss | I13: Gus Edwards | N13: Devin Singletary | S13: Austin Ekeler | X13: Rome Odunze | AC13: Ezekiel Elliott | AH13: Tank Dell | AM13: Terry McLaurin | AR13: Malik Nabers | AW13: George Pickens | BB13: Christian Watson | BG13: Brian Robinson Jr. | BL13: George Kittle | BQ13: Dalton Kincaid | BV13: Trey McBride | CA13: Jaylen Warren | CF13: Brock Purdy | CK13: Dak Prescott | CP13: Raheem Mostert | CU13: C.J. Stroud
D14: =IF(D13="","",VLOOKUP(D13,'[1]All Player'!$A$2:$D$517,2,FALSE)) -> CIN | E14: - | F14: =IF(D13="","",VLOOKUP(D13,'[1]All Player'!$A$2:$D$517,4,FALSE)) -> RB | G14: =LEFT(B13,1)+0.2 -> 4.2 | I14: =IF(I13="","",VLOOKUP(I13,'[1]All Player'!$A$2:$D$517,2,FALSE)) -> LAC | J14: - | K14: =IF(I13="","",VLOOKUP(I13,'[1]All Player'!$A$2:$D$517,4,FALSE)) -> RB | L14: =G14-0.01 -> 4.19 | N14: =IF(N13="","",VLOOKUP(N13,'[1]All Player'!$A$2:$D$517,2,FALSE)) -> NYG | O14: - | P14: =IF(N13="","",VLOOKUP(N13,'[1]All Player'!$A$2:$D$517,4,FALSE)) -> RB | Q14: =L14-0.01 -> 4.18 | S14: =IF(S13="","",VLOOKUP(S13,'[1]All Player'!$A$2:$D$517,2,FALSE)) -> WAS | T14: - | U14: =IF(S13="","",VLOOKUP(S13,'[1]All Player'!$A$2:$D$517,4,FALSE)) -> RB | V14: =Q14-0.01 -> 4.17 | X14: =IF(X13="","",VLOOKUP(X13,'[1]All Player'!$A$2:$D$517,2,FALSE)) -> CHI | Y14: - | Z14: =IF(X13="","",VLOOKUP(X13,'[1]All Player'!$A$2:$D$517,4,FALSE)) -> WR | AA14: =V14-0.01 -> 4.16 | AC14: =IF(AC13="","",VLOOKUP(AC13,'[1]All Player'!$A$2:$D$517,2,FALSE)) -> DAL | AD14: - | AE14: =IF(AC13="","",VLOOKUP(AC13,'[1]All Player'!$A$2:$D$517,4,FALSE)) -> RB | AF14: =AA14-0.01 -> 4.15 | AH14: =IF(AH13="","",VLOOKUP(AH13,'[1]All Player'!$A$2:$D$517,2,FALSE)) -> HOU | AI14: - | AJ14: =IF(AH13="","",VLOOKUP(AH13,'[1]All Player'!$A$2:$D$517,4,FALSE)) -> WR | AK14: =AF14-0.01 -> 4.14 | AM14: =IF(AM13="","",VLOOKUP(AM13,'[1]All Player'!$A$2:$D$517,2,FALSE)) -> WAS | AN14: - | AO14: =IF(AM13="","",VLOOKUP(AM13,'[1]All Player'!$A$2:$D$517,4,FALSE)) -> WR | AP14: =AK14-0.01 -> 4.13 | AR14: =IF(AR13="","",VLOOKUP(AR13,'[1]All Player'!$A$2:$D$517,2,FALSE)) -> NYG | AS14: - | AT14: =IF(AR13="","",VLOOKUP(AR13,'[1]All Player'!$A$2:$D$517,4,FALSE)) -> WR | AU14: =AP14-0.01 -> 4.12 | AW14: =IF(AW13="","",VLOOKUP(AW13,'[1]All Player'!$A$2:$D$517,2,FALSE)) -> PIT | AX14: - | AY14: =IF(AW13="","",VLOOKUP(AW13,'[1]All Player'!$A$2:$D$517,4,FALSE)) -> WR | AZ14: =AU14-0.01 -> 4.11 | BB14: =IF(BB13="","",VLOOKUP(BB13,'[1]All Player'!$A$2:$D$517,2,FALSE)) -> GB | BC14: - | BD14: =IF(BB13="","",VLOOKUP(BB13,'[1]All Player'!$A$2:$D$517,4,FALSE)) -> WR | BE14: =AZ14-0.01 -> 4.1 | BG14: =IF(BG13="","",VLOOKUP(BG13,'[1]All Player'!$A$2:$D$517,2,FALSE)) -> WAS | BH14: - | BI14: =IF(BG13="","",VLOOKUP(BG13,'[1]All Player'!$A$2:$D$517,4,FALSE)) -> RB | BJ14: =BE14-0.01 -> 4.09 | BL14: =IF(BL13="","",VLOOKUP(BL13,'[1]All Player'!$A$2:$D$517,2,FALSE)) -> SF | BM14: - | BN14: =IF(BL13="","",VLOOKUP(BL13,'[1]All Player'!$A$2:$D$517,4,FALSE)) -> TE | BO14: =BJ14-0.01 -> 4.08 | BQ14: =IF(BQ13="","",VLOOKUP(BQ13,'[1]All Player'!$A$2:$D$517,2,FALSE)) -> BUF | BR14: - | BS14: =IF(BQ13="","",VLOOKUP(BQ13,'[1]All Player'!$A$2:$D$517,4,FALSE)) -> TE | BT14: =BO14-0.01 -> 4.07 | BV14: =IF(BV13="","",VLOOKUP(BV13,'[1]All Player'!$A$2:$D$517,2,FALSE)) -> ARI | BW14: - | BX14: =IF(BV13="","",VLOOKUP(BV13,'[1]All Player'!$A$2:$D$517,4,FALSE)) -> TE | BY14: =BT14-0.01 -> 4.06 | CA14: =IF(CA13="","",VLOOKUP(CA13,'[1]All Player'!$A$2:$D$517,2,FALSE)) -> PIT | CB14: - | CC14: =IF(CA13="","",VLOOKUP(CA13,'[1]All Player'!$A$2:$D$517,4,FALSE)) -> RB | CD14: =BY14-0.01 -> 4.05 | CF14: =IF(CF13="","",VLOOKUP(CF13,'[1]All Player'!$A$2:$D$517,2,FALSE)) -> SF | CG14: - | CH14: =IF(CF13="","",VLOOKUP(CF13,'[1]All Player'!$A$2:$D$517,4,FALSE)) -> QB | CI14: =CD14-0.01 -> 4.04 | CK14: =IF(CK13="","",VLOOKUP(CK13,'[1]All Player'!$A$2:$D$517,2,FALSE)) -> DAL | CL14: - | CM14: =IF(CK13="","",VLOOKUP(CK13,'[1]All Player'!$A$2:$D$517,4,FALSE)) -> QB | CN14: =CI14-0.01 -> 4.03 | CP14: =IF(CP13="","",VLOOKUP(CP13,'[1]All Player'!$A$2:$D$517,2,FALSE)) -> MIA | CQ14: - | CR14: =IF(CP13="","",VLOOKUP(CP13,'[1]All Player'!$A$2:$D$517,4,FALSE)) -> RB | CS14: =CN14-0.01 -> 4.02 | CU14: =IF(CU13="","",VLOOKUP(CU13,'[1]All Player'!$A$2:$D$517,2,FALSE)) -> HOU | CV14: - | CW14: =IF(CU13="","",VLOOKUP(CU13,'[1]All Player'!$A$2:$D$517,4,FALSE)) -> QB | CX14: =CS14-0.01 -> 4.01
B16: 5. Runde | D16: Rashee Rice | I16: Kyle Pitts | N16: Evan Engram | S16: Jake Ferguson | X16: Jonathon Brooks | AC16: Christian Kirk | AH16: Ladd McConkey | AM16: Anthony Richardson | AR16: Caleb Williams | AW16: David Njoku | BB16: Jordan Love | BG16: Tyjae Spears | BL16: Joe Burrow | BQ16: Justin Tucker | BV16: Chase Brown | CA16: Keenan Allen | CF16: Brock Bowers | CK16: Jerome Ford | CP16: Calvin Ridley | CU16: Chris Godwin
D17: =IF(D16="","",VLOOKUP(D16,'[1]All Player'!$A$2:$D$517,2,FALSE)) -> KC | E17: - | F17: =IF(D16="","",VLOOKUP(D16,'[1]All Player'!$A$2:$D$517,4,FALSE)) -> WR | G17: =LEFT(B16,1)+0.01 -> 5.01 | I17: =IF(I16="","",VLOOKUP(I16,'[1]All Player'!$A$2:$D$517,2,FALSE)) -> ATL | J17: - | K17: =IF(I16="","",VLOOKUP(I16,'[1]All Player'!$A$2:$D$517,4,FALSE)) -> TE | L17: =G17+0.01 -> 5.02 | N17: =IF(N16="","",VLOOKUP(N16,'[1]All Player'!$A$2:$D$517,2,FALSE)) -> JAC | O17: - | P17: =IF(N16="","",VLOOKUP(N16,'[1]All Player'!$A$2:$D$517,4,FALSE)) -> TE | Q17: =L17+0.01 -> 5.03 | S17: =IF(S16="","",VLOOKUP(S16,'[1]All Player'!$A$2:$D$517,2,FALSE)) -> DAL | T17: - | U17: =IF(S16="","",VLOOKUP(S16,'[1]All Player'!$A$2:$D$517,4,FALSE)) -> TE | V17: =Q17+0.01 -> 5.04 | X17: =IF(X16="","",VLOOKUP(X16,'[1]All Player'!$A$2:$D$517,2,FALSE)) -> CAR | Y17: - | Z17: =IF(X16="","",VLOOKUP(X16,'[1]All Player'!$A$2:$D$517,4,FALSE)) -> RB | AA17: =V17+0.01 -> 5.05 | AC17: =IF(AC16="","",VLOOKUP(AC16,'[1]All Player'!$A$2:$D$517,2,FALSE)) -> JAC | AD17: - | AE17: =IF(AC16="","",VLOOKUP(AC16,'[1]All Player'!$A$2:$D$517,4,FALSE)) -> WR | AF17: =AA17+0.01 -> 5.06 | AH17: =IF(AH16="","",VLOOKUP(AH16,'[1]All Player'!$A$2:$D$517,2,FALSE)) -> LAC | AI17: - | AJ17: =IF(AH16="","",VLOOKUP(AH16,'[1]All Player'!$A$2:$D$517,4,FALSE)) -> WR | AK17: =AF17+0.01 -> 5.07 | AM17: =IF(AM16="","",VLOOKUP(AM16,'[1]All Player'!$A$2:$D$517,2,FALSE)) -> IND | AN17: - | AO17: =IF(AM16="","",VLOOKUP(AM16,'[1]All Player'!$A$2:$D$517,4,FALSE)) -> QB | AP17: =AK17+0.01 -> 5.08 | AR17: =IF(AR16="","",VLOOKUP(AR16,'[1]All Player'!$A$2:$D$517,2,FALSE)) -> CHI | AS17: - | AT17: =IF(AR16="","",VLOOKUP(AR16,'[1]All Player'!$A$2:$D$517,4,FALSE)) -> QB | AU17: =AP17+0.01 -> 5.09 | AW17: =IF(AW16="","",VLOOKUP(AW16,'[1]All Player'!$A$2:$D$517,2,FALSE)) -> CLE | AX17: - | AY17: =IF(AW16="","",VLOOKUP(AW16,'[1]All Player'!$A$2:$D$517,4,FALSE)) -> TE | AZ17: =AU17+0.01 -> 5.1 | BB17: =IF(BB16="","",VLOOKUP(BB16,'[1]All Player'!$A$2:$D$517,2,FALSE)) -> GB | BC17: - | BD17: =IF(BB16="","",VLOOKUP(BB16,'[1]All Player'!$A$2:$D$517,4,FALSE)) -> QB | BE17: =AZ17+0.01 -> 5.11 | BG17: =IF(BG16="","",VLOOKUP(BG16,'[1]All Player'!$A$2:$D$517,2,FALSE)) -> TEN | BH17: - | BI17: =IF(BG16="","",VLOOKUP(BG16,'[1]All Player'!$A$2:$D$517,4,FALSE)) -> RB | BJ17: =BE17+0.01 -> 5.12 | BL17: =IF(BL16="","",VLOOKUP(BL16,'[1]All Player'!$A$2:$D$517,2,FALSE)) -> CIN | BM17: - | BN17: =IF(BL16="","",VLOOKUP(BL16,'[1]All Player'!$A$2:$D$517,4,FALSE)) -> QB | BO17: =BJ17+0.01 -> 5.13 | BQ17: =IF(BQ16="","",VLOOKUP(BQ16,'[1]All Player'!$A$2:$D$517,2,FALSE)) -> BAL | BR17: - | BS17: =IF(BQ16="","",VLOOKUP(BQ16,'[1]All Player'!$A$2:$D$517,4,FALSE)) -> K | BT17: =BO17+0.01 -> 5.14 | BV17: =IF(BV16="","",VLOOKUP(BV16,'[1]All Player'!$A$2:$D$517,2,FALSE)) -> CIN | BW17: - | BX17: =IF(BV16="","",VLOOKUP(BV16,'[1]All Player'!$A$2:$D$517,4,FALSE)) -> RB | BY17: =BT17+0.01 -> 5.15 | CA17: =IF(CA16="","",VLOOKUP(CA16,'[1]All Player'!$A$2:$D$517,2,FALSE)) -> CHI | CB17: - | CC17: =IF(CA16="","",VLOOKUP(CA16,'[1]All Player'!$A$2:$D$517,4,FALSE)) -> WR | CD17: =BY17+0.01 -> 5.16 | CF17: =IF(CF16="","",VLOOKUP(CF16,'[1]All Player'!$A$2:$D$517,2,FALSE)) -> LV | CG17: - | CH17: =IF(CF16="","",VLOOKUP(CF16,'[1]All Player'!$A$2:$D$517,4,FALSE)) -> TE | CI17: =CD17+0.01 -> 5.17 | CK17: =IF(CK16="","",VLOOKUP(CK16,'[1]All Player'!$A$2:$D$517,2,FALSE)) -> CLE | CL17: - | CM17: =IF(CK16="","",VLOOKUP(CK16,'[1]All Player'!$A$2:$D$517,4,FALSE)) -> RB | CN17: =CI17+0.01 -> 5.18 | CP17: =IF(CP16="","",VLOOKUP(CP16,'[1]All Player'!$A$2:$D$517,2,FALSE)) -> TEN | CQ17: - | CR17: =IF(CP16="","",VLOOKUP(CP16,'[1]All Player'!$A$2:$D$517,4,FALSE)) -> WR | CS17: =CN17+0.01 -> 5.19 | CU17: =IF(CU16="","",VLOOKUP(CU16,'[1]All Player'!$A$2:$D$517,2,FALSE)) -> TB | CV17: - | CW17: =IF(CU16="","",VLOOKUP(CU16,'[1]All Player'!$A$2:$D$517,4,FALSE)) -> WR | CX17: =CS17+0.01 -> 5.2
B19: 6. Runde | D19: Cole Kmet | I19: Xavier Worthy | N19: Jaleel Mclaughlin | S19: Aaron Rodgers | X19: Jared Goff | AC19: Kirk Cousins | AH19: Tua Tagovailoa | AM19: Luke Musgrave | AR19: Pat Freiermuth | AW19: Chuba Hubbard | BB19: Romeo Doubs | BG19: Diontae Johnson | BL19: Antonio Gibson | BQ19: Baltimore Ravens | BV19: Kyler Murray | CA19: Jayden Daniels | CF19: Zach Charbonnet | CK19: Dalton Schultz | CP19: T.J. Hockenson | CU19: Dallas Goedert
D20: =IF(D19="","",VLOOKUP(D19,'[1]All Player'!$A$2:$D$517,2,FALSE)) -> CHI | E20: - | F20: =IF(D19="","",VLOOKUP(D19,'[1]All Player'!$A$2:$D$517,4,FALSE)) -> TE | G20: =LEFT(B19,1)+0.2 -> 6.2 | I20: =IF(I19="","",VLOOKUP(I19,'[1]All Player'!$A$2:$D$517,2,FALSE)) -> KC | J20: - | K20: =IF(I19="","",VLOOKUP(I19,'[1]All Player'!$A$2:$D$517,4,FALSE)) -> WR | L20: =G20-0.01 -> 6.19 | N20: =IF(N19="","",VLOOKUP(N19,'[1]All Player'!$A$2:$D$517,2,FALSE)) -> DEN | O20: - | P20: =IF(N19="","",VLOOKUP(N19,'[1]All Player'!$A$2:$D$517,4,FALSE)) -> RB | Q20: =L20-0.01 -> 6.18 | S20: =IF(S19="","",VLOOKUP(S19,'[1]All Player'!$A$2:$D$517,2,FALSE)) -> NYJ | T20: - | U20: =IF(S19="","",VLOOKUP(S19,'[1]All Player'!$A$2:$D$517,4,FALSE)) -> QB | V20: =Q20-0.01 -> 6.17 | X20: =IF(X19="","",VLOOKUP(X19,'[1]All Player'!$A$2:$D$517,2,FALSE)) -> DET | Y20: - | Z20: =IF(X19="","",VLOOKUP(X19,'[1]All Player'!$A$2:$D$517,4,FALSE)) -> QB | AA20: =V20-0.01 -> 6.16 | AC20: =IF(AC19="","",VLOOKUP(AC19,'[1]All Player'!$A$2:$D$517,2,FALSE)) -> ATL | AD20: - | AE20: =IF(AC19="","",VLOOKUP(AC19,'[1]All Player'!$A$2:$D$517,4,FALSE)) -> QB | AF20: =AA20-0.01 -> 6.15 | AH20: =IF(AH19="","",VLOOKUP(AH19,'[1]All Player'!$A$2:$D$517,2,FALSE)) -> MIA | AI20: - | AJ20: =IF(AH19="","",VLOOKUP(AH19,'[1]All Player'!$A$2:$D$517,4,FALSE)) -> QB | AK20: =AF20-0.01 -> 6.14 | AM20: =IF(AM19="","",VLOOKUP(AM19,'[1]All Player'!$A$2:$D$517,2,FALSE)) -> GB | AN20: - | AO20: =IF(AM19="","",VLOOKUP(AM19,'[1]All Player'!$A$2:$D$517,4,FALSE)) -> TE | AP20: =AK20-0.01 -> 6.13 | AR20: =IF(AR19="","",VLOOKUP(AR19,'[1]All Player'!$A$2:$D$517,2,FALSE)) -> PIT | AS20: - | AT20: =IF(AR19="","",VLOOKUP(AR19,'[1]All Player'!$A$2:$D$517,4,FALSE)) -> TE | AU20: =AP20-0.01 -> 6.12 | AW20: =IF(AW19="","",VLOOKUP(AW19,'[1]All Player'!$A$2:$D$517,2,FALSE)) -> CAR | AX20: - | AY20: =IF(AW19="","",VLOOKUP(AW19,'[1]All Player'!$A$2:$D$517,4,FALSE)) -> RB | AZ20: =AU20-0.01 -> 6.11 | BB20: =IF(BB19="","",VLOOKUP(BB19,'[1]All Player'!$A$2:$D$517,2,FALSE)) -> GB | BC20: - | BD20: =IF(BB19="","",VLOOKUP(BB19,'[1]All Player'!$A$2:$D$517,4,FALSE)) -> WR | BE20: =AZ20-0.01 -> 6.1 | BG20: =IF(BG19="","",VLOOKUP(BG19,'[1]All Player'!$A$2:$D$517,2,FALSE)) -> CAR | BH20: - | BI20: =IF(BG19="","",VLOOKUP(BG19,'[1]All Player'!$A$2:$D$517,4,FALSE)) -> WR | BJ20: =BE20-0.01 -> 6.09 | BL20: =IF(BL19="","",VLOOKUP(BL19,'[1]All Player'!$A$2:$D$517,2,FALSE)) -> NE | BM20: - | BN20: =IF(BL19="","",VLOOKUP(BL19,'[1]All Player'!$A$2:$D$517,4,FALSE)) -> RB | BO20: =BJ20-0.01 -> 6.08 | BQ20: =IF(BQ19="","",VLOOKUP(BQ19,'[1]All Player'!$A$2:$D$517,2,FALSE)) -> BAL | BR20: - | BS20: =IF(BQ19="","",VLOOKUP(BQ19,'[1]All Player'!$A$2:$D$517,4,FALSE)) -> DEF | BT20: =BO20-0.01 -> 6.07 | BV20: =IF(BV19="","",VLOOKUP(BV19,'[1]All Player'!$A$2:$D$517,2,FALSE)) -> ARI | BW20: - | BX20: =IF(BV19="","",VLOOKUP(BV19,'[1]All Player'!$A$2:$D$517,4,FALSE)) -> QB | BY20: =BT20-0.01 -> 6.06 | CA20: =IF(CA19="","",VLOOKUP(CA19,'[1]All Player'!$A$2:$D$517,2,FALSE)) -> WAS | CB20: - | CC20: =IF(CA19="","",VLOOKUP(CA19,'[1]All Player'!$A$2:$D$517,4,FALSE)) -> QB | CD20: =BY20-0.01 -> 6.05 | CF20: =IF(CF19="","",VLOOKUP(CF19,'[1]All Player'!$A$2:$D$517,2,FALSE)) -> SEA | CG20: - | CH20: =IF(CF19="","",VLOOKUP(CF19,'[1]All Player'!$A$2:$D$517,4,FALSE)) -> RB | CI20: =CD20-0.01 -> 6.04 | CK20: =IF(CK19="","",VLOOKUP(CK19,'[1]All Player'!$A$2:$D$517,2,FALSE)) -> HOU | CL20: - | CM20: =IF(CK19="","",VLOOKUP(CK19,'[1]All Player'!$A$2:$D$517,4,FALSE)) -> TE | CN20: =CI20-0.01 -> 6.03 | CP20: =IF(CP19="","",VLOOKUP(CP19,'[1]All Player'!$A$2:$D$517,2,FALSE)) -> MIN | CQ20: - | CR20: =IF(CP19="","",VLOOKUP(CP19,'[1]All Player'!$A$2:$D$517,4,FALSE)) -> TE | CS20: =CN20-0.01 -> 6.02 | CU20: =IF(CU19="","",VLOOKUP(CU19,'[1]All Player'!$A$2:$D$517,2,FALSE)) -> PHI | CV20: - | CW20: =IF(CU19="","",VLOOKUP(CU19,'[1]All Player'!$A$2:$D$517,4,FALSE)) -> TE | CX20: =CS20-0.01 -> 6.01
B22: 7. Runde | D22: Jayden Reed | I22: Matthew Stafford | N22: Deshaun Watson | S22: Bo Nix | X22: Hunter Henry | AC22: Rico Dowdle | AH22: Hollywood Brown | AM22: Jaxon Smith-Njigba | AR22: Blake Corum | AW22: Russell Wilson | BB22: Tyler Lockett | BG22: Trevor Lawrence | BL22: J.K. Dobbins | BQ22: Trey Benson | BV22: Keon Coleman | CA22: DeAndre Hopkins | CF22: Courtland Sutton | CK22: San Francisco 49ers | CP22: Jordan Addison | CU22: Ty Chandler
D23: =IF(D22="","",VLOOKUP(D22,'[1]All Player'!$A$2:$D$517,2,FALSE)) -> GB | E23: - | F23: =IF(D22="","",VLOOKUP(D22,'[1]All Player'!$A$2:$D$517,4,FALSE)) -> WR | G23: =LEFT(B22,1)+0.01 -> 7.01 | I23: =IF(I22="","",VLOOKUP(I22,'[1]All Player'!$A$2:$D$517,2,FALSE)) -> LAR | J23: - | K23: =IF(I22="","",VLOOKUP(I22,'[1]All Player'!$A$2:$D$517,4,FALSE)) -> QB | L23: =G23+0.01 -> 7.02 | N23: =IF(N22="","",VLOOKUP(N22,'[1]All Player'!$A$2:$D$517,2,FALSE)) -> CLE | O23: - | P23: =IF(N22="","",VLOOKUP(N22,'[1]All Player'!$A$2:$D$517,4,FALSE)) -> QB | Q23: =L23+0.01 -> 7.03 | S23: =IF(S22="","",VLOOKUP(S22,'[1]All Player'!$A$2:$D$517,2,FALSE)) -> DEN | T23: - | U23: =IF(S22="","",VLOOKUP(S22,'[1]All Player'!$A$2:$D$517,4,FALSE)) -> QB | V23: =Q23+0.01 -> 7.04 | X23: =IF(X22="","",VLOOKUP(X22,'[1]All Player'!$A$2:$D$517,2,FALSE)) -> NE | Y23: - | Z23: =IF(X22="","",VLOOKUP(X22,'[1]All Player'!$A$2:$D$517,4,FALSE)) -> TE | AA23: =V23+0.01 -> 7.05 | AC23: =IF(AC22="","",VLOOKUP(AC22,'[1]All Player'!$A$2:$D$517,2,FALSE)) -> DAL | AD23: - | AE23: =IF(AC22="","",VLOOKUP(AC22,'[1]All Player'!$A$2:$D$517,4,FALSE)) -> RB | AF23: =AA23+0.01 -> 7.06 | AH23: =IF(AH22="","",VLOOKUP(AH22,'[1]All Player'!$A$2:$D$517,2,FALSE)) -> KC | AI23: - | AJ23: =IF(AH22="","",VLOOKUP(AH22,'[1]All Player'!$A$2:$D$517,4,FALSE)) -> WR | AK23: =AF23+0.01 -> 7.07 | AM23: =IF(AM22="","",VLOOKUP(AM22,'[1]All Player'!$A$2:$D$517,2,FALSE)) -> SEA | AN23: - | AO23: =IF(AM22="","",VLOOKUP(AM22,'[1]All Player'!$A$2:$D$517,4,FALSE)) -> WR | AP23: =AK23+0.01 -> 7.08 | AR23: =IF(AR22="","",VLOOKUP(AR22,'[1]All Player'!$A$2:$D$517,2,FALSE)) -> LAR | AS23: - | AT23: =IF(AR22="","",VLOOKUP(AR22,'[1]All Player'!$A$2:$D$517,4,FALSE)) -> RB | AU23: =AP23+0.01 -> 7.09 | AW23: =IF(AW22="","",VLOOKUP(AW22,'[1]All Player'!$A$2:$D$517,2,FALSE)) -> PIT | AX23: - | AY23: =IF(AW22="","",VLOOKUP(AW22,'[1]All Player'!$A$2:$D$517,4,FALSE)) -> QB | AZ23: =AU23+0.01 -> 7.1 | BB23: =IF(BB22="","",VLOOKUP(BB22,'[1]All Player'!$A$2:$D$517,2,FALSE)) -> SEA | BC23: - | BD23: =IF(BB22="","",VLOOKUP(BB22,'[1]All Player'!$A$2:$D$517,4,FALSE)) -> WR | BE23: =AZ23+0.01 -> 7.11 | BG23: =IF(BG22="","",VLOOKUP(BG22,'[1]All Player'!$A$2:$D$517,2,FALSE)) -> JAC | BH23: - | BI23: =IF(BG22="","",VLOOKUP(BG22,'[1]All Player'!$A$2:$D$517,4,FALSE)) -> QB | BJ23: =BE23+0.01 -> 7.12 | BL23: =IF(BL22="","",VLOOKUP(BL22,'[1]All Player'!$A$2:$D$517,2,FALSE)) -> LAC | BM23: - | BN23: =IF(BL22="","",VLOOKUP(BL22,'[1]All Player'!$A$2:$D$517,4,FALSE)) -> RB | BO23: =BJ23+0.01 -> 7.13 | BQ23: =IF(BQ22="","",VLOOKUP(BQ22,'[1]All Player'!$A$2:$D$517,2,FALSE)) -> ARI | BR23: - | BS23: =IF(BQ22="","",VLOOKUP(BQ22,'[1]All Player'!$A$2:$D$517,4,FALSE)) -> RB | BT23: =BO23+0.01 -> 7.14 | BV23: =IF(BV22="","",VLOOKUP(BV22,'[1]All Player'!$A$2:$D$517,2,FALSE)) -> BUF | BW23: - | BX23: =IF(BV22="","",VLOOKUP(BV22,'[1]All Player'!$A$2:$D$517,4,FALSE)) -> WR | BY23: =BT23+0.01 -> 7.15 | CA23: =IF(CA22="","",VLOOKUP(CA22,'[1]All Player'!$A$2:$D$517,2,FALSE)) -> TEN | CB23: - | CC23: =IF(CA22="","",VLOOKUP(CA22,'[1]All Player'!$A$2:$D$517,4,FALSE)) -> WR | CD23: =BY23+0.01 -> 7.16 | CF23: =IF(CF22="","",VLOOKUP(CF22,'[1]All Player'!$A$2:$D$517,2,FALSE)) -> DEN | CG23: - | CH23: =IF(CF22="","",VLOOKUP(CF22,'[1]All Player'!$A$2:$D$517,4,FALSE)) -> WR | CI23: =CD23+0.01 -> 7.17 | CK23: =IF(CK22="","",VLOOKUP(CK22,'[1]All Player'!$A$2:$D$517,2,FALSE)) -> SF | CL23: - | CM23: =IF(CK22="","",VLOOKUP(CK22,'[1]All Player'!$A$2:$D$517,4,FALSE)) -> DEF | CN23: =CI23+0.01 -> 7.18 | CP23: =IF(CP22="","",VLOOKUP(CP22,'[1]All Player'!$A$2:$D$517,2,FALSE)) -> MIN | CQ23: - | CR23: =IF(CP22="","",VLOOKUP(CP22,'[1]All Player'!$A$2:$D$517,4,FALSE)) -> WR | CS23: =CN23+0.01 -> 7.19 | CU23: =IF(CU22="","",VLOOKUP(CU22,'[1]All Player'!$A$2:$D$517,2,FALSE)) -> MIN | CV23: - | CW23: =IF(CU22="","",VLOOKUP(CU22,'[1]All Player'!$A$2:$D$517,4,FALSE)) -> RB | CX23: =CS23+0.01 -> 7.2
B25: 8. Runde | D25: Elijah Mitchell | I25: Alexander Mattison | N25: Josh Downs | S25: MarShawn Lloyd | X25: Derek Carr | AC25: Joshua Palmer | AH25: Mike Williams | AM25: Ray Davis | AR25: Baker Mayfield | AW25: Jakobi Meyers | BB25: Jerry Jeudy | BG25: Taysom Hill | BL25: Justin Herbert | BQ25: Brian Thomas Jr. | BV25: Jameson Williams | CA25: Tyler Conklin | CF25: Cleveland Browns | CK25: Brandin Cooks | CP25: Khalil Herbert | CU25: Tyler Allgeier
D26: =IF(D25="","",VLOOKUP(D25,'[1]All Player'!$A$2:$D$517,2,FALSE)) -> SF | E26: - | F26: =IF(D25="","",VLOOKUP(D25,'[1]All Player'!$A$2:$D$517,4,FALSE)) -> RB | G26: =LEFT(B25,1)+0.2 -> 8.2 | I26: =IF(I25="","",VLOOKUP(I25,'[1]All Player'!$A$2:$D$517,2,FALSE)) -> LV | J26: - | K26: =IF(I25="","",VLOOKUP(I25,'[1]All Player'!$A$2:$D$517,4,FALSE)) -> RB | L26: =G26-0.01 -> 8.19 | N26: =IF(N25="","",VLOOKUP(N25,'[1]All Player'!$A$2:$D$517,2,FALSE)) -> IND | O26: - | P26: =IF(N25="","",VLOOKUP(N25,'[1]All Player'!$A$2:$D$517,4,FALSE)) -> WR | Q26: =L26-0.01 -> 8.18 | S26: =IF(S25="","",VLOOKUP(S25,'[1]All Player'!$A$2:$D$517,2,FALSE)) -> GB | T26: - | U26: =IF(S25="","",VLOOKUP(S25,'[1]All Player'!$A$2:$D$517,4,FALSE)) -> RB | V26: =Q26-0.01 -> 8.17 | X26: =IF(X25="","",VLOOKUP(X25,'[1]All Player'!$A$2:$D$517,2,FALSE)) -> NO | Y26: - | Z26: =IF(X25="","",VLOOKUP(X25,'[1]All Player'!$A$2:$D$517,4,FALSE)) -> QB | AA26: =V26-0.01 -> 8.16 | AC26: =IF(AC25="","",VLOOKUP(AC25,'[1]All Player'!$A$2:$D$517,2,FALSE)) -> LAC | AD26: - | AE26: =IF(AC25="","",VLOOKUP(AC25,'[1]All Player'!$A$2:$D$517,4,FALSE)) -> WR | AF26: =AA26-0.01 -> 8.15 | AH26: =IF(AH25="","",VLOOKUP(AH25,'[1]All Player'!$A$2:$D$517,2,FALSE)) -> NYJ | AI26: - | AJ26: =IF(AH25="","",VLOOKUP(AH25,'[1]All Player'!$A$2:$D$517,4,FALSE)) -> WR | AK26: =AF26-0.01 -> 8.14 | AM26: =IF(AM25="","",VLOOKUP(AM25,'[1]All Player'!$A$2:$D$517,2,FALSE)) -> BUF | AN26: - | AO26: =IF(AM25="","",VLOOKUP(AM25,'[1]All Player'!$A$2:$D$517,4,FALSE)) -> RB | AP26: =AK26-0.01 -> 8.13 | AR26: =IF(AR25="","",VLOOKUP(AR25,'[1]All Player'!$A$2:$D$517,2,FALSE)) -> TB | AS26: - | AT26: =IF(AR25="","",VLOOKUP(AR25,'[1]All Player'!$A$2:$D$517,4,FALSE)) -> QB | AU26: =AP26-0.01 -> 8.12 | AW26: =IF(AW25="","",VLOOKUP(AW25,'[1]All Player'!$A$2:$D$517,2,FALSE)) -> LV | AX26: - | AY26: =IF(AW25="","",VLOOKUP(AW25,'[1]All Player'!$A$2:$D$517,4,FALSE)) -> WR | AZ26: =AU26-0.01 -> 8.11 | BB26: =IF(BB25="","",VLOOKUP(BB25,'[1]All Player'!$A$2:$D$517,2,FALSE)) -> CLE | BC26: - | BD26: =IF(BB25="","",VLOOKUP(BB25,'[1]All Player'!$A$2:$D$517,4,FALSE)) -> WR | BE26: =AZ26-0.01 -> 8.1 | BG26: =IF(BG25="","",VLOOKUP(BG25,'[1]All Player'!$A$2:$D$517,2,FALSE)) -> NO | BH26: - | BI26: =IF(BG25="","",VLOOKUP(BG25,'[1]All Player'!$A$2:$D$517,4,FALSE)) -> TE | BJ26: =BE26-0.01 -> 8.09 | BL26: =IF(BL25="","",VLOOKUP(BL25,'[1]All Player'!$A$2:$D$517,2,FALSE)) -> LAC | BM26: - | BN26: =IF(BL25="","",VLOOKUP(BL25,'[1]All Player'!$A$2:$D$517,4,FALSE)) -> QB | BO26: =BJ26-0.01 -> 8.08 | BQ26: =IF(BQ25="","",VLOOKUP(BQ25,'[1]All Player'!$A$2:$D$517,2,FALSE)) -> JAC | BR26: - | BS26: =IF(BQ25="","",VLOOKUP(BQ25,'[1]All Player'!$A$2:$D$517,4,FALSE)) -> WR | BT26: =BO26-0.01 -> 8.07 | BV26: =IF(BV25="","",VLOOKUP(BV25,'[1]All Player'!$A$2:$D$517,2,FALSE)) -> DET | BW26: - | BX26: =IF(BV25="","",VLOOKUP(BV25,'[1]All Player'!$A$2:$D$517,4,FALSE)) -> WR | BY26: =BT26-0.01 -> 8.06 | CA26: =IF(CA25="","",VLOOKUP(CA25,'[1]All Player'!$A$2:$D$517,2,FALSE)) -> NYJ | CB26: - | CC26: =IF(CA25="","",VLOOKUP(CA25,'[1]All Player'!$A$2:$D$517,4,FALSE)) -> TE | CD26: =BY26-0.01 -> 8.05 | CF26: =IF(CF25="","",VLOOKUP(CF25,'[1]All Player'!$A$2:$D$517,2,FALSE)) -> CLE | CG26: - | CH26: =IF(CF25="","",VLOOKUP(CF25,'[1]All Player'!$A$2:$D$517,4,FALSE)) -> DEF | CI26: =CD26-0.01 -> 8.04 | CK26: =IF(CK25="","",VLOOKUP(CK25,'[1]All Player'!$A$2:$D$517,2,FALSE)) -> DAL | CL26: - | CM26: =IF(CK25="","",VLOOKUP(CK25,'[1]All Player'!$A$2:$D$517,4,FALSE)) -> WR | CN26: =CI26-0.01 -> 8.03 | CP26: =IF(CP25="","",VLOOKUP(CP25,'[1]All Player'!$A$2:$D$517,2,FALSE)) -> CHI | CQ26: - | CR26: =IF(CP25="","",VLOOKUP(CP25,'[1]All Player'!$A$2:$D$517,4,FALSE)) -> RB | CS26: =CN26-0.01 -> 8.02 | CU26: =IF(CU25="","",VLOOKUP(CU25,'[1]All Player'!$A$2:$D$517,2,FALSE)) -> ATL | CV26: - | CW26: =IF(CU25="","",VLOOKUP(CU25,'[1]All Player'!$A$2:$D$517,4,FALSE)) -> RB | CX26: =CS26-0.01 -> 8.01
B28: 9. Runde | D28: Braelon Allen | I28: Ja'Lynn Polk | N28: Chigoziem Okonkwo | S28: KImani VIdal | X28: Curtis Samuel | AC28: Roschon Johnson | AH28: Bucky Irving | AM28: Rashid Shaheed | AR28: Adonai Mitchell | AW28: Kendre Miller | BB28: Kendrick Bourne | BG28: Jaylen Wright | BL28: Khalil Shakir | BQ28: Adam Thielen | BV28: Tyrone Tracy Jr. | CA28: Audric Estime | CF28: Dameon Pierce | CK28: Geno Smith | CP28: Dallas Cowboys | CU28: Ben Sinnott
D29: =IF(D28="","",VLOOKUP(D28,'[1]All Player'!$A$2:$D$517,2,FALSE)) -> NYJ | E29: - | F29: =IF(D28="","",VLOOKUP(D28,'[1]All Player'!$A$2:$D$517,4,FALSE)) -> RB | G29: =LEFT(B28,1)+0.01 -> 9.01 | I29: =IF(I28="","",VLOOKUP(I28,'[1]All Player'!$A$2:$D$517,2,FALSE)) -> NE | J29: - | K29: =IF(I28="","",VLOOKUP(I28,'[1]All Player'!$A$2:$D$517,4,FALSE)) -> WR | L29: =G29+0.01 -> 9.02 | N29: =IF(N28="","",VLOOKUP(N28,'[1]All Player'!$A$2:$D$517,2,FALSE)) -> TEN | O29: - | P29: =IF(N28="","",VLOOKUP(N28,'[1]All Player'!$A$2:$D$517,4,FALSE)) -> TE | Q29: =L29+0.01 -> 9.03 | S29: =IF(S28="","",VLOOKUP(S28,'[1]All Player'!$A$2:$D$517,2,FALSE)) -> LAC | T29: - | U29: =IF(S28="","",VLOOKUP(S28,'[1]All Player'!$A$2:$D$517,4,FALSE)) -> RB | V29: =Q29+0.01 -> 9.04 | X29: =IF(X28="","",VLOOKUP(X28,'[1]All Player'!$A$2:$D$517,2,FALSE)) -> BUF | Y29: - | Z29: =IF(X28="","",VLOOKUP(X28,'[1]All Player'!$A$2:$D$517,4,FALSE)) -> WR | AA29: =V29+0.01 -> 9.05 | AC29: =IF(AC28="","",VLOOKUP(AC28,'[1]All Player'!$A$2:$D$517,2,FALSE)) -> CHI | AD29: - | AE29: =IF(AC28="","",VLOOKUP(AC28,'[1]All Player'!$A$2:$D$517,4,FALSE)) -> RB | AF29: =AA29+0.01 -> 9.06 | AH29: =IF(AH28="","",VLOOKUP(AH28,'[1]All Player'!$A$2:$D$517,2,FALSE)) -> TB | AI29: - | AJ29: =IF(AH28="","",VLOOKUP(AH28,'[1]All Player'!$A$2:$D$517,4,FALSE)) -> RB | AK29: =AF29+0.01 -> 9.07 | AM29: =IF(AM28="","",VLOOKUP(AM28,'[1]All Player'!$A$2:$D$517,2,FALSE)) -> NO | AN29: - | AO29: =IF(AM28="","",VLOOKUP(AM28,'[1]All Player'!$A$2:$D$517,4,FALSE)) -> WR | AP29: =AK29+0.01 -> 9.08 | AR29: =IF(AR28="","",VLOOKUP(AR28,'[1]All Player'!$A$2:$D$517,2,FALSE)) -> IND | AS29: - | AT29: =IF(AR28="","",VLOOKUP(AR28,'[1]All Player'!$A$2:$D$517,4,FALSE)) -> WR | AU29: =AP29+0.01 -> 9.09 | AW29: =IF(AW28="","",VLOOKUP(AW28,'[1]All Player'!$A$2:$D$517,2,FALSE)) -> NO | AX29: - | AY29: =IF(AW28="","",VLOOKUP(AW28,'[1]All Player'!$A$2:$D$517,4,FALSE)) -> RB | AZ29: =AU29+0.01 -> 9.1 | BB29: =IF(BB28="","",VLOOKUP(BB28,'[1]All Player'!$A$2:$D$517,2,FALSE)) -> NE | BC29: - | BD29: =IF(BB28="","",VLOOKUP(BB28,'[1]All Player'!$A$2:$D$517,4,FALSE)) -> WR | BE29: =AZ29+0.01 -> 9.11 | BG29: =IF(BG28="","",VLOOKUP(BG28,'[1]All Player'!$A$2:$D$517,2,FALSE)) -> MIA | BH29: - | BI29: =IF(BG28="","",VLOOKUP(BG28,'[1]All Player'!$A$2:$D$517,4,FALSE)) -> RB | BJ29: =BE29+0.01 -> 9.12 | BL29: =IF(BL28="","",VLOOKUP(BL28,'[1]All Player'!$A$2:$D$517,2,FALSE)) -> BUF | BM29: - | BN29: =IF(BL28="","",VLOOKUP(BL28,'[1]All Player'!$A$2:$D$517,4,FALSE)) -> WR | BO29: =BJ29+0.01 -> 9.13 | BQ29: =IF(BQ28="","",VLOOKUP(BQ28,'[1]All Player'!$A$2:$D$517,2,FALSE)) -> CAR | BR29: - | BS29: =IF(BQ28="","",VLOOKUP(BQ28,'[1]All Player'!$A$2:$D$517,4,FALSE)) -> WR | BT29: =BO29+0.01 -> 9.14 | BV29: =IF(BV28="","",VLOOKUP(BV28,'[1]All Player'!$A$2:$D$517,2,FALSE)) -> NYG | BW29: - | BX29: =IF(BV28="","",VLOOKUP(BV28,'[1]All Player'!$A$2:$D$517,4,FALSE)) -> RB | BY29: =BT29+0.01 -> 9.15 | CA29: =IF(CA28="","",VLOOKUP(CA28,'[1]All Player'!$A$2:$D$517,2,FALSE)) -> DEN | CB29: - | CC29: =IF(CA28="","",VLOOKUP(CA28,'[1]All Player'!$A$2:$D$517,4,FALSE)) -> RB | CD29: =BY29+0.01 -> 9.16 | CF29: =IF(CF28="","",VLOOKUP(CF28,'[1]All Player'!$A$2:$D$517,2,FALSE)) -> HOU | CG29: - | CH29: =IF(CF28="","",VLOOKUP(CF28,'[1]All Player'!$A$2:$D$517,4,FALSE)) -> RB | CI29: =CD29+0.01 -> 9.17 | CK29: =IF(CK28="","",VLOOKUP(CK28,'[1]All Player'!$A$2:$D$517,2,FALSE)) -> SEA | CL29: - | CM29: =IF(CK28="","",VLOOKUP(CK28,'[1]All Player'!$A$2:$D$517,4,FALSE)) -> QB | CN29: =CI29+0.01 -> 9.18 | CP29: =IF(CP28="","",VLOOKUP(CP28,'[1]All Player'!$A$2:$D$517,2,FALSE)) -> DAL | CQ29: - | CR29: =IF(CP28="","",VLOOKUP(CP28,'[1]All Player'!$A$2:$D$517,4,FALSE)) -> DEF | CS29: =CN29+0.01 -> 9.19 | CU29: =IF(CU28="","",VLOOKUP(CU28,'[1]All Player'!$A$2:$D$517,2,FALSE)) -> WAS | CV29: - | CW29: =IF(CU28="","",VLOOKUP(CU28,'[1]All Player'!$A$2:$D$517,4,FALSE)) -> TE | CX29: =CS29+0.01 -> 9.2
B31: 10. Runde | D31: Rashod Bateman | I31: Drake Maye | N31: Sam Darnold | S31: DeMario Douglas | X31: Justice Hill | AC31: Jason Sanders | AH31: Jonnu Smith | AM31: MIke Gesicki | AR31: Isaiah Likely | AW31: Juwan Johnson | BB31: Bryce Young | BG31: Clyde Edwards-Helaire | BL31: Noah Fant | BQ31: Daniel Jones | BV31: Will Levis | CA31: Dylan Laube | CF31: Brandon Aubrey | CK31: Cade Otton | CP31: Evan McPherson | CU31: Harrison Butker
D32: =IF(D31="","",VLOOKUP(D31,'[1]All Player'!$A$2:$D$517,2,FALSE)) -> BAL | E32: - | F32: =IF(D31="","",VLOOKUP(D31,'[1]All Player'!$A$2:$D$517,4,FALSE)) -> WR | G32: =LEFT(B31,2)+0.2 -> 10.2 | I32: =IF(I31="","",VLOOKUP(I31,'[1]All Player'!$A$2:$D$517,2,FALSE)) -> NE | J32: - | K32: =IF(I31="","",VLOOKUP(I31,'[1]All Player'!$A$2:$D$517,4,FALSE)) -> QB | L32: =G32-0.01 -> 10.19 | N32: =IF(N31="","",VLOOKUP(N31,'[1]All Player'!$A$2:$D$517,2,FALSE)) -> MIN | O32: - | P32: =IF(N31="","",VLOOKUP(N31,'[1]All Player'!$A$2:$D$517,4,FALSE)) -> QB | Q32: =L32-0.01 -> 10.18 | S32: =IF(S31="","",VLOOKUP(S31,'[1]All Player'!$A$2:$D$517,2,FALSE)) -> NE | T32: - | U32: =IF(S31="","",VLOOKUP(S31,'[1]All Player'!$A$2:$D$517,4,FALSE)) -> WR | V32: =Q32-0.01 -> 10.17 | X32: =IF(X31="","",VLOOKUP(X31,'[1]All Player'!$A$2:$D$517,2,FALSE)) -> BAL | Y32: - | Z32: =IF(X31="","",VLOOKUP(X31,'[1]All Player'!$A$2:$D$517,4,FALSE)) -> RB | AA32: =V32-0.01 -> 10.16 | AC32: =IF(AC31="","",VLOOKUP(AC31,'[1]All Player'!$A$2:$D$517,2,FALSE)) -> MIA | AD32: - | AE32: =IF(AC31="","",VLOOKUP(AC31,'[1]All Player'!$A$2:$D$517,4,FALSE)) -> K | AF32: =AA32-0.01 -> 10.15 | AH32: =IF(AH31="","",VLOOKUP(AH31,'[1]All Player'!$A$2:$D$517,2,FALSE)) -> MIA | AI32: - | AJ32: =IF(AH31="","",VLOOKUP(AH31,'[1]All Player'!$A$2:$D$517,4,FALSE)) -> TE | AK32: =AF32-0.01 -> 10.14 | AM32: =IF(AM31="","",VLOOKUP(AM31,'[1]All Player'!$A$2:$D$517,2,FALSE)) -> CIN | AN32: - | AO32: =IF(AM31="","",VLOOKUP(AM31,'[1]All Player'!$A$2:$D$517,4,FALSE)) -> TE | AP32: =AK32-0.01 -> 10.13 | AR32: =IF(AR31="","",VLOOKUP(AR31,'[1]All Player'!$A$2:$D$517,2,FALSE)) -> BAL | AS32: - | AT32: =IF(AR31="","",VLOOKUP(AR31,'[1]All Player'!$A$2:$D$517,4,FALSE)) -> TE | AU32: =AP32-0.01 -> 10.12 | AW32: =IF(AW31="","",VLOOKUP(AW31,'[1]All Player'!$A$2:$D$517,2,FALSE)) -> NO | AX32: - | AY32: =IF(AW31="","",VLOOKUP(AW31,'[1]All Player'!$A$2:$D$517,4,FALSE)) -> TE | AZ32: =AU32-0.01 -> 10.11 | BB32: =IF(BB31="","",VLOOKUP(BB31,'[1]All Player'!$A$2:$D$517,2,FALSE)) -> CAR | BC32: - | BD32: =IF(BB31="","",VLOOKUP(BB31,'[1]All Player'!$A$2:$D$517,4,FALSE)) -> QB | BE32: =AZ32-0.01 -> 10.1 | BG32: =IF(BG31="","",VLOOKUP(BG31,'[1]All Player'!$A$2:$D$517,2,FALSE)) -> KC | BH32: - | BI32: =IF(BG31="","",VLOOKUP(BG31,'[1]All Player'!$A$2:$D$517,4,FALSE)) -> RB | BJ32: =BE32-0.01 -> 10.09 | BL32: =IF(BL31="","",VLOOKUP(BL31,'[1]All Player'!$A$2:$D$517,2,FALSE)) -> SEA | BM32: - | BN32: =IF(BL31="","",VLOOKUP(BL31,'[1]All Player'!$A$2:$D$517,4,FALSE)) -> TE | BO32: =BJ32-0.01 -> 10.08 | BQ32: =IF(BQ31="","",VLOOKUP(BQ31,'[1]All Player'!$A$2:$D$517,2,FALSE)) -> NYG | BR32: - | BS32: =IF(BQ31="","",VLOOKUP(BQ31,'[1]All Player'!$A$2:$D$517,4,FALSE)) -> QB | BT32: =BO32-0.01 -> 10.07 | BV32: =IF(BV31="","",VLOOKUP(BV31,'[1]All Player'!$A$2:$D$517,2,FALSE)) -> TEN | BW32: - | BX32: =IF(BV31="","",VLOOKUP(BV31,'[1]All Player'!$A$2:$D$517,4,FALSE)) -> QB | BY32: =BT32-0.01 -> 10.06 | CA32: =IF(CA31="","",VLOOKUP(CA31,'[1]All Player'!$A$2:$D$517,2,FALSE)) -> LV | CB32: - | CC32: =IF(CA31="","",VLOOKUP(CA31,'[1]All Player'!$A$2:$D$517,4,FALSE)) -> RB | CD32: =BY32-0.01 -> 10.05 | CF32: =IF(CF31="","",VLOOKUP(CF31,'[1]All Player'!$A$2:$D$517,2,FALSE)) -> DAL | CG32: - | CH32: =IF(CF31="","",VLOOKUP(CF31,'[1]All Player'!$A$2:$D$517,4,FALSE)) -> K | CI32: =CD32-0.01 -> 10.04 | CK32: =IF(CK31="","",VLOOKUP(CK31,'[1]All Player'!$A$2:$D$517,2,FALSE)) -> TB | CL32: - | CM32: =IF(CK31="","",VLOOKUP(CK31,'[1]All Player'!$A$2:$D$517,4,FALSE)) -> TE | CN32: =CI32-0.01 -> 10.03 | CP32: =IF(CP31="","",VLOOKUP(CP31,'[1]All Player'!$A$2:$D$517,2,FALSE)) -> CIN | CQ32: - | CR32: =IF(CP31="","",VLOOKUP(CP31,'[1]All Player'!$A$2:$D$517,4,FALSE)) -> K | CS32: =CN32-0.01 -> 10.02 | CU32: =IF(CU31="","",VLOOKUP(CU31,'[1]All Player'!$A$2:$D$517,2,FALSE)) -> KC | CV32: - | CW32: =IF(CU31="","",VLOOKUP(CU31,'[1]All Player'!$A$2:$D$517,4,FALSE)) -> K | CX32: =CS32-0.01 -> 10.01
B34: 11. Runde | D34: New York Jets | I34: Kenneth Gainwell | N34: D'Onta Foreman | S34: Luke McCaffrey | X34: Pittsburgh Steelers | AC34: Kansas City Chiefs | AH34: Buffalo Bills | AM34: Ka'imi Fairbairn | AR34: Houston Texans | AW34: AJ Dillon | BB34: Jake Moody | BG34: Philadelphia Eagles | BL34: Tank Bigsby | BQ34: Miles Sanders | BV34: Keaton Mitchell | CA34: Tucker Kraft | CF34: Jamaal Williams | CK34: Dalvin Cook | CP34: Justin Fields | CU34: Tampa Bay Buccaneers
D35: =IF(D34="","",VLOOKUP(D34,'[1]All Player'!$A$2:$D$517,2,FALSE)) -> NYJ | E35: - | F35: =IF(D34="","",VLOOKUP(D34,'[1]All Player'!$A$2:$D$517,4,FALSE)) -> DEF | G35: =LEFT(B34,2)+0.01 -> 11.01 | I35: =IF(I34="","",VLOOKUP(I34,'[1]All Player'!$A$2:$D$517,2,FALSE)) -> PHI | J35: - | K35: =IF(I34="","",VLOOKUP(I34,'[1]All Player'!$A$2:$D$517,4,FALSE)) -> RB | L35: =G35+0.01 -> 11.02 | N35: =IF(N34="","",VLOOKUP(N34,'[1]All Player'!$A$2:$D$517,2,FALSE)) -> CLE | O35: - | P35: =IF(N34="","",VLOOKUP(N34,'[1]All Player'!$A$2:$D$517,4,FALSE)) -> RB | Q35: =L35+0.01 -> 11.03 | S35: =IF(S34="","",VLOOKUP(S34,'[1]All Player'!$A$2:$D$517,2,FALSE)) -> WAS | T35: - | U35: =IF(S34="","",VLOOKUP(S34,'[1]All Player'!$A$2:$D$517,4,FALSE)) -> WR | V35: =Q35+0.01 -> 11.04 | X35: =IF(X34="","",VLOOKUP(X34,'[1]All Player'!$A$2:$D$517,2,FALSE)) -> PIT | Y35: - | Z35: =IF(X34="","",VLOOKUP(X34,'[1]All Player'!$A$2:$D$517,4,FALSE)) -> DEF | AA35: =V35+0.01 -> 11.05 | AC35: =IF(AC34="","",VLOOKUP(AC34,'[1]All Player'!$A$2:$D$517,2,FALSE)) -> KC | AD35: - | AE35: =IF(AC34="","",VLOOKUP(AC34,'[1]All Player'!$A$2:$D$517,4,FALSE)) -> DEF | AF35: =AA35+0.01 -> 11.06 | AH35: =IF(AH34="","",VLOOKUP(AH34,'[1]All Player'!$A$2:$D$517,2,FALSE)) -> BUF | AI35: - | AJ35: =IF(AH34="","",VLOOKUP(AH34,'[1]All Player'!$A$2:$D$517,4,FALSE)) -> DEF | AK35: =AF35+0.01 -> 11.07 | AM35: =IF(AM34="","",VLOOKUP(AM34,'[1]All Player'!$A$2:$D$517,2,FALSE)) -> HOU | AN35: - | AO35: =IF(AM34="","",VLOOKUP(AM34,'[1]All Player'!$A$2:$D$517,4,FALSE)) -> K | AP35: =AK35+0.01 -> 11.08 | AR35: =IF(AR34="","",VLOOKUP(AR34,'[1]All Player'!$A$2:$D$517,2,FALSE)) -> HOU | AS35: - | AT35: =IF(AR34="","",VLOOKUP(AR34,'[1]All Player'!$A$2:$D$517,4,FALSE)) -> DEF | AU35: =AP35+0.01 -> 11.09 | AW35: =IF(AW34="","",VLOOKUP(AW34,'[1]All Player'!$A$2:$D$517,2,FALSE)) -> GB | AX35: - | AY35: =IF(AW34="","",VLOOKUP(AW34,'[1]All Player'!$A$2:$D$517,4,FALSE)) -> RB | AZ35: =AU35+0.01 -> 11.1 | BB35: =IF(BB34="","",VLOOKUP(BB34,'[1]All Player'!$A$2:$D$517,2,FALSE)) -> SF | BC35: - | BD35: =IF(BB34="","",VLOOKUP(BB34,'[1]All Player'!$A$2:$D$517,4,FALSE)) -> K | BE35: =AZ35+0.01 -> 11.11 | BG35: =IF(BG34="","",VLOOKUP(BG34,'[1]All Player'!$A$2:$D$517,2,FALSE)) -> PHI | BH35: - | BI35: =IF(BG34="","",VLOOKUP(BG34,'[1]All Player'!$A$2:$D$517,4,FALSE)) -> DEF | BJ35: =BE35+0.01 -> 11.12 | BL35: =IF(BL34="","",VLOOKUP(BL34,'[1]All Player'!$A$2:$D$517,2,FALSE)) -> JAC | BM35: - | BN35: =IF(BL34="","",VLOOKUP(BL34,'[1]All Player'!$A$2:$D$517,4,FALSE)) -> RB | BO35: =BJ35+0.01 -> 11.13 | BQ35: =IF(BQ34="","",VLOOKUP(BQ34,'[1]All Player'!$A$2:$D$517,2,FALSE)) -> CAR | BR35: - | BS35: =IF(BQ34="","",VLOOKUP(BQ34,'[1]All Player'!$A$2:$D$517,4,FALSE)) -> RB | BT35: =BO35+0.01 -> 11.14 | BV35: =IF(BV34="","",VLOOKUP(BV34,'[1]All Player'!$A$2:$D$517,2,FALSE)) -> BAL | BW35: - | BX35: =IF(BV34="","",VLOOKUP(BV34,'[1]All Player'!$A$2:$D$517,4,FALSE)) -> RB | BY35: =BT35+0.01 -> 11.15 | CA35: =IF(CA34="","",VLOOKUP(CA34,'[1]All Player'!$A$2:$D$517,2,FALSE)) -> GB | CB35: - | CC35: =IF(CA34="","",VLOOKUP(CA34,'[1]All Player'!$A$2:$D$517,4,FALSE)) -> TE | CD35: =BY35+0.01 -> 11.16 | CF35: =IF(CF34="","",VLOOKUP(CF34,'[1]All Player'!$A$2:$D$517,2,FALSE)) -> NO | CG35: - | CH35: =IF(CF34="","",VLOOKUP(CF34,'[1]All Player'!$A$2:$D$517,4,FALSE)) -> RB | CI35: =CD35+0.01 -> 11.17 | CK35: =IF(CK34="","",VLOOKUP(CK34,'[1]All Player'!$A$2:$D$517,2,FALSE)) -> FA | CL35: - | CM35: =IF(CK34="","",VLOOKUP(CK34,'[1]All Player'!$A$2:$D$517,4,FALSE)) -> RB | CN35: =CI35+0.01 -> 11.18 | CP35: =IF(CP34="","",VLOOKUP(CP34,'[1]All Player'!$A$2:$D$517,2,FALSE)) -> PIT | CQ35: - | CR35: =IF(CP34="","",VLOOKUP(CP34,'[1]All Player'!$A$2:$D$517,4,FALSE)) -> QB | CS35: =CN35+0.01 -> 11.19 | CU35: =IF(CU34="","",VLOOKUP(CU34,'[1]All Player'!$A$2:$D$517,2,FALSE)) -> TB | CV35: - | CW35: =IF(CU34="","",VLOOKUP(CU34,'[1]All Player'!$A$2:$D$517,4,FALSE)) -> DEF | CX35: =CS35+0.01 -> 11.2
B37: 12. Runde | D37: Dawson Knox | I37: Tyler Higbee | N37: Jalen McMIllan | S37: Hayden Hurst | X37: Tyler Boyd | AC37: Michael Mayer | AH37: Trey Sermon | AM37: Gardner Minshew II | AR37: WIll Shipley | AW37: Wan'Dale Robinson | BB37: Miami Dolphins | BG37: Michael Wilson | BL37: Darnell Mooney | BQ37: Jahan Dotson | BV37: Chicago Bears | CA37: Dontayvion Wicks | CF37: Gabe Davis | CK37: Tyler Bass | CP37: Darren Waller | CU37: Xavier Legette
D38: =IF(D37="","",VLOOKUP(D37,'[1]All Player'!$A$2:$D$517,2,FALSE)) -> BUF | E38: - | F38: =IF(D37="","",VLOOKUP(D37,'[1]All Player'!$A$2:$D$517,4,FALSE)) -> TE | G38: =LEFT(B37,2)+0.2 -> 12.2 | I38: =IF(I37="","",VLOOKUP(I37,'[1]All Player'!$A$2:$D$517,2,FALSE)) -> LAR | J38: - | K38: =IF(I37="","",VLOOKUP(I37,'[1]All Player'!$A$2:$D$517,4,FALSE)) -> TE | L38: =G38-0.01 -> 12.19 | N38: =IF(N37="","",VLOOKUP(N37,'[1]All Player'!$A$2:$D$517,2,FALSE)) -> TB | O38: - | P38: =IF(N37="","",VLOOKUP(N37,'[1]All Player'!$A$2:$D$517,4,FALSE)) -> WR | Q38: =L38-0.01 -> 12.18 | S38: =IF(S37="","",VLOOKUP(S37,'[1]All Player'!$A$2:$D$517,2,FALSE)) -> LAC | T38: - | U38: =IF(S37="","",VLOOKUP(S37,'[1]All Player'!$A$2:$D$517,4,FALSE)) -> TE | V38: =Q38-0.01 -> 12.17 | X38: =IF(X37="","",VLOOKUP(X37,'[1]All Player'!$A$2:$D$517,2,FALSE)) -> TEN | Y38: - | Z38: =IF(X37="","",VLOOKUP(X37,'[1]All Player'!$A$2:$D$517,4,FALSE)) -> WR | AA38: =V38-0.01 -> 12.16 | AC38: =IF(AC37="","",VLOOKUP(AC37,'[1]All Player'!$A$2:$D$517,2,FALSE)) -> LV | AD38: - | AE38: =IF(AC37="","",VLOOKUP(AC37,'[1]All Player'!$A$2:$D$517,4,FALSE)) -> TE | AF38: =AA38-0.01 -> 12.15 | AH38: =IF(AH37="","",VLOOKUP(AH37,'[1]All Player'!$A$2:$D$517,2,FALSE)) -> IND | AI38: - | AJ38: =IF(AH37="","",VLOOKUP(AH37,'[1]All Player'!$A$2:$D$517,4,FALSE)) -> RB | AK38: =AF38-0.01 -> 12.14 | AM38: =IF(AM37="","",VLOOKUP(AM37,'[1]All Player'!$A$2:$D$517,2,FALSE)) -> LV | AN38: - | AO38: =IF(AM37="","",VLOOKUP(AM37,'[1]All Player'!$A$2:$D$517,4,FALSE)) -> QB | AP38: =AK38-0.01 -> 12.13 | AR38: =IF(AR37="","",VLOOKUP(AR37,'[1]All Player'!$A$2:$D$517,2,FALSE)) -> PHI | AS38: - | AT38: =IF(AR37="","",VLOOKUP(AR37,'[1]All Player'!$A$2:$D$517,4,FALSE)) -> RB | AU38: =AP38-0.01 -> 12.12 | AW38: =IF(AW37="","",VLOOKUP(AW37,'[1]All Player'!$A$2:$D$517,2,FALSE)) -> NYG | AX38: - | AY38: =IF(AW37="","",VLOOKUP(AW37,'[1]All Player'!$A$2:$D$517,4,FALSE)) -> WR | AZ38: =AU38-0.01 -> 12.11 | BB38: =IF(BB37="","",VLOOKUP(BB37,'[1]All Player'!$A$2:$D$517,2,FALSE)) -> MIA | BC38: - | BD38: =IF(BB37="","",VLOOKUP(BB37,'[1]All Player'!$A$2:$D$517,4,FALSE)) -> DEF | BE38: =AZ38-0.01 -> 12.1 | BG38: =IF(BG37="","",VLOOKUP(BG37,'[1]All Player'!$A$2:$D$517,2,FALSE)) -> ARI | BH38: - | BI38: =IF(BG37="","",VLOOKUP(BG37,'[1]All Player'!$A$2:$D$517,4,FALSE)) -> WR | BJ38: =BE38-0.01 -> 12.09 | BL38: =IF(BL37="","",VLOOKUP(BL37,'[1]All Player'!$A$2:$D$517,2,FALSE)) -> ATL | BM38: - | BN38: =IF(BL37="","",VLOOKUP(BL37,'[1]All Player'!$A$2:$D$517,4,FALSE)) -> WR | BO38: =BJ38-0.01 -> 12.08 | BQ38: =IF(BQ37="","",VLOOKUP(BQ37,'[1]All Player'!$A$2:$D$517,2,FALSE)) -> WAS | BR38: - | BS38: =IF(BQ37="","",VLOOKUP(BQ37,'[1]All Player'!$A$2:$D$517,4,FALSE)) -> WR | BT38: =BO38-0.01 -> 12.07 | BV38: =IF(BV37="","",VLOOKUP(BV37,'[1]All Player'!$A$2:$D$517,2,FALSE)) -> CHI | BW38: - | BX38: =IF(BV37="","",VLOOKUP(BV37,'[1]All Player'!$A$2:$D$517,4,FALSE)) -> DEF | BY38: =BT38-0.01 -> 12.06 | CA38: =IF(CA37="","",VLOOKUP(CA37,'[1]All Player'!$A$2:$D$517,2,FALSE)) -> GB | CB38: - | CC38: =IF(CA37="","",VLOOKUP(CA37,'[1]All Player'!$A$2:$D$517,4,FALSE)) -> WR | CD38: =BY38-0.01 -> 12.05 | CF38: =IF(CF37="","",VLOOKUP(CF37,'[1]All Player'!$A$2:$D$517,2,FALSE)) -> JAC | CG38: - | CH38: =IF(CF37="","",VLOOKUP(CF37,'[1]All Player'!$A$2:$D$517,4,FALSE)) -> WR | CI38: =CD38-0.01 -> 12.04 | CK38: =IF(CK37="","",VLOOKUP(CK37,'[1]All Player'!$A$2:$D$517,2,FALSE)) -> BUF | CL38: - | CM38: =IF(CK37="","",VLOOKUP(CK37,'[1]All Player'!$A$2:$D$517,4,FALSE)) -> K | CN38: =CI38-0.01 -> 12.03 | CP38: FA | CQ38: - | CR38: TE | CS38: =CN38-0.01 -> 12.02 | CU38: =IF(CU37="","",VLOOKUP(CU37,'[1]All Player'!$A$2:$D$517,2,FALSE)) -> CAR | CV38: - | CW38: =IF(CU37="","",VLOOKUP(CU37,'[1]All Player'!$A$2:$D$517,4,FALSE)) -> WR | CX38: =CS38-0.01 -> 12.01
B40: 13. Runde | D40: Younghoe Koo | I40: Detroit Lions | N40: Indianapolis Colts | S40: Roman Wilson | X40: Jacoby Brissett | AC40: Aidan O'Connell | AH40: Ja'Tavion Sanders | AM40: New Orleans Saints | AR40: Ricky Pearsall | AW40: Michael Penix Jr. | BB40: Daniel Bellinger | BG40: Samaje Perine | BL40: Marvin Mims Jr. | BQ40: Zach Ertz | BV40: Greg Dulcich | CA40: Green Bay Packers | CF40: Sam Howell | CK40: Jordan Mason | CP40: Demarcus Robinson | CU40: Darius Slayton
D41: =IF(D40="","",VLOOKUP(D40,'[1]All Player'!$A$2:$D$517,2,FALSE)) -> ATL | E41: - | F41: =IF(D40="","",VLOOKUP(D40,'[1]All Player'!$A$2:$D$517,4,FALSE)) -> K | G41: =LEFT(B40,2)+0.01 -> 13.01 | I41: =IF(I40="","",VLOOKUP(I40,'[1]All Player'!$A$2:$D$517,2,FALSE)) -> DET | J41: - | K41: =IF(I40="","",VLOOKUP(I40,'[1]All Player'!$A$2:$D$517,4,FALSE)) -> DEF | L41: =G41+0.01 -> 13.02 | N41: =IF(N40="","",VLOOKUP(N40,'[1]All Player'!$A$2:$D$517,2,FALSE)) -> IND | O41: - | P41: =IF(N40="","",VLOOKUP(N40,'[1]All Player'!$A$2:$D$517,4,FALSE)) -> DEF | Q41: =L41+0.01 -> 13.03 | S41: =IF(S40="","",VLOOKUP(S40,'[1]All Player'!$A$2:$D$517,2,FALSE)) -> PIT | T41: - | U41: =IF(S40="","",VLOOKUP(S40,'[1]All Player'!$A$2:$D$517,4,FALSE)) -> WR | V41: =Q41+0.01 -> 13.04 | X41: =IF(X40="","",VLOOKUP(X40,'[1]All Player'!$A$2:$D$517,2,FALSE)) -> NE | Y41: - | Z41: =IF(X40="","",VLOOKUP(X40,'[1]All Player'!$A$2:$D$517,4,FALSE)) -> QB | AA41: =V41+0.01 -> 13.05 | AC41: =IF(AC40="","",VLOOKUP(AC40,'[1]All Player'!$A$2:$D$517,2,FALSE)) -> LV | AD41: - | AE41: =IF(AC40="","",VLOOKUP(AC40,'[1]All Player'!$A$2:$D$517,4,FALSE)) -> QB | AF41: =AA41+0.01 -> 13.06 | AH41: =IF(AH40="","",VLOOKUP(AH40,'[1]All Player'!$A$2:$D$517,2,FALSE)) -> CAR | AI41: - | AJ41: =IF(AH40="","",VLOOKUP(AH40,'[1]All Player'!$A$2:$D$517,4,FALSE)) -> TE | AK41: =AF41+0.01 -> 13.07 | AM41: =IF(AM40="","",VLOOKUP(AM40,'[1]All Player'!$A$2:$D$517,2,FALSE)) -> NO | AN41: - | AO41: =IF(AM40="","",VLOOKUP(AM40,'[1]All Player'!$A$2:$D$517,4,FALSE)) -> DEF | AP41: =AK41+0.01 -> 13.08 | AR41: =IF(AR40="","",VLOOKUP(AR40,'[1]All Player'!$A$2:$D$517,2,FALSE)) -> SF | AS41: - | AT41: =IF(AR40="","",VLOOKUP(AR40,'[1]All Player'!$A$2:$D$517,4,FALSE)) -> WR | AU41: =AP41+0.01 -> 13.09 | AW41: =IF(AW40="","",VLOOKUP(AW40,'[1]All Player'!$A$2:$D$517,2,FALSE)) -> ATL | AX41: - | AY41: =IF(AW40="","",VLOOKUP(AW40,'[1]All Player'!$A$2:$D$517,4,FALSE)) -> QB | AZ41: =AU41+0.01 -> 13.1 | BB41: =IF(BB40="","",VLOOKUP(BB40,'[1]All Player'!$A$2:$D$517,2,FALSE)) -> NYG | BC41: - | BD41: =IF(BB40="","",VLOOKUP(BB40,'[1]All Player'!$A$2:$D$517,4,FALSE)) -> TE | BE41: =AZ41+0.01 -> 13.11 | BG41: =IF(BG40="","",VLOOKUP(BG40,'[1]All Player'!$A$2:$D$517,2,FALSE)) -> DEN | BH41: - | BI41: =IF(BG40="","",VLOOKUP(BG40,'[1]All Player'!$A$2:$D$517,4,FALSE)) -> RB | BJ41: =BE41+0.01 -> 13.12 | BL41: =IF(BL40="","",VLOOKUP(BL40,'[1]All Player'!$A$2:$D$517,2,FALSE)) -> DEN | BM41: - | BN41: =IF(BL40="","",VLOOKUP(BL40,'[1]All Player'!$A$2:$D$517,4,FALSE)) -> WR | BO41: =BJ41+0.01 -> 13.13 | BQ41: =IF(BQ40="","",VLOOKUP(BQ40,'[1]All Player'!$A$2:$D$517,2,FALSE)) -> WAS | BR41: - | BS41: =IF(BQ40="","",VLOOKUP(BQ40,'[1]All Player'!$A$2:$D$517,4,FALSE)) -> TE | BT41: =BO41+0.01 -> 13.14 | BV41: =IF(BV40="","",VLOOKUP(BV40,'[1]All Player'!$A$2:$D$517,2,FALSE)) -> DEN | BW41: - | BX41: =IF(BV40="","",VLOOKUP(BV40,'[1]All Player'!$A$2:$D$517,4,FALSE)) -> TE | BY41: =BT41+0.01 -> 13.15 | CA41: =IF(CA40="","",VLOOKUP(CA40,'[1]All Player'!$A$2:$D$517,2,FALSE)) -> GB | CB41: - | CC41: =IF(CA40="","",VLOOKUP(CA40,'[1]All Player'!$A$2:$D$517,4,FALSE)) -> DEF | CD41: =BY41+0.01 -> 13.16 | CF41: =IF(CF40="","",VLOOKUP(CF40,'[1]All Player'!$A$2:$D$517,2,FALSE)) -> SEA | CG41: - | CH41: =IF(CF40="","",VLOOKUP(CF40,'[1]All Player'!$A$2:$D$517,4,FALSE)) -> QB | CI41: =CD41+0.01 -> 13.17 | CK41: =IF(CK40="","",VLOOKUP(CK40,'[1]All Player'!$A$2:$D$517,2,FALSE)) -> SF | CL41: - | CM41: =IF(CK40="","",VLOOKUP(CK40,'[1]All Player'!$A$2:$D$517,4,FALSE)) -> RB | CN41: =CI41+0.01 -> 13.18 | CP41: =IF(CP40="","",VLOOKUP(CP40,'[1]All Player'!$A$2:$D$517,2,FALSE)) -> LAR | CQ41: - | CR41: =IF(CP40="","",VLOOKUP(CP40,'[1]All Player'!$A$2:$D$517,4,FALSE)) -> WR | CS41: =CN41+0.01 -> 13.19 | CU41: =IF(CU40="","",VLOOKUP(CU40,'[1]All Player'!$A$2:$D$517,2,FALSE)) -> NYG | CV41: - | CW41: =IF(CU40="","",VLOOKUP(CU40,'[1]All Player'!$A$2:$D$517,4,FALSE)) -> WR | CX41: =CS41+0.01 -> 13.2
B43: 14. Runde | D43: Malachi Corley | I43: Elijah Moore | N43: Jason Myers | S43: Cairo Santos | X43: Las Vegas Raiders | AC43: Deuce Vaughn | AH43: Javon Baker | AM43: Jermaine Burton | AR43: New England Patriots | AW43: Minnesota Vikings | BB43: Jacksonville Jaguars | BG43: Cameron Dicker | BL43: Cincinnati Bengals | BQ43: Jake Elliott | BV43: Greg Zuerlein | CA43: Matt Gay | CF43: Evan Hull | CK43: Denver Broncos | CP43: Eric Gray | CU43: Raheem Blackshear
D44: =IF(D43="","",VLOOKUP(D43,'[1]All Player'!$A$2:$D$517,2,FALSE)) -> NYJ | E44: - | F44: =IF(D43="","",VLOOKUP(D43,'[1]All Player'!$A$2:$D$517,4,FALSE)) -> WR | G44: =LEFT(B43,2)+0.2 -> 14.2 | I44: =IF(I43="","",VLOOKUP(I43,'[1]All Player'!$A$2:$D$517,2,FALSE)) -> CLE | J44: - | K44: =IF(I43="","",VLOOKUP(I43,'[1]All Player'!$A$2:$D$517,4,FALSE)) -> WR | L44: =G44-0.01 -> 14.19 | N44: =IF(N43="","",VLOOKUP(N43,'[1]All Player'!$A$2:$D$517,2,FALSE)) -> SEA | O44: - | P44: =IF(N43="","",VLOOKUP(N43,'[1]All Player'!$A$2:$D$517,4,FALSE)) -> K | Q44: =L44-0.01 -> 14.18 | S44: =IF(S43="","",VLOOKUP(S43,'[1]All Player'!$A$2:$D$517,2,FALSE)) -> CHI | T44: - | U44: =IF(S43="","",VLOOKUP(S43,'[1]All Player'!$A$2:$D$517,4,FALSE)) -> K | V44: =Q44-0.01 -> 14.17 | X44: =IF(X43="","",VLOOKUP(X43,'[1]All Player'!$A$2:$D$517,2,FALSE)) -> LV | Y44: - | Z44: =IF(X43="","",VLOOKUP(X43,'[1]All Player'!$A$2:$D$517,4,FALSE)) -> DEF | AA44: =V44-0.01 -> 14.16 | AC44: =IF(AC43="","",VLOOKUP(AC43,'[1]All Player'!$A$2:$D$517,2,FALSE)) -> DAL | AD44: - | AE44: =IF(AC43="","",VLOOKUP(AC43,'[1]All Player'!$A$2:$D$517,4,FALSE)) -> RB | AF44: =AA44-0.01 -> 14.15 | AH44: =IF(AH43="","",VLOOKUP(AH43,'[1]All Player'!$A$2:$D$517,2,FALSE)) -> NE | AI44: - | AJ44: =IF(AH43="","",VLOOKUP(AH43,'[1]All Player'!$A$2:$D$517,4,FALSE)) -> WR | AK44: =AF44-0.01 -> 14.14 | AM44: =IF(AM43="","",VLOOKUP(AM43,'[1]All Player'!$A$2:$D$517,2,FALSE)) -> CIN | AN44: - | AO44: =IF(AM43="","",VLOOKUP(AM43,'[1]All Player'!$A$2:$D$517,4,FALSE)) -> WR | AP44: =AK44-0.01 -> 14.13 | AR44: =IF(AR43="","",VLOOKUP(AR43,'[1]All Player'!$A$2:$D$517,2,FALSE)) -> NE | AS44: - | AT44: =IF(AR43="","",VLOOKUP(AR43,'[1]All Player'!$A$2:$D$517,4,FALSE)) -> DEF | AU44: =AP44-0.01 -> 14.12 | AW44: =IF(AW43="","",VLOOKUP(AW43,'[1]All Player'!$A$2:$D$517,2,FALSE)) -> MIN | AX44: - | AY44: =IF(AW43="","",VLOOKUP(AW43,'[1]All Player'!$A$2:$D$517,4,FALSE)) -> DEF | AZ44: =AU44-0.01 -> 14.11 | BB44: =IF(BB43="","",VLOOKUP(BB43,'[1]All Player'!$A$2:$D$517,2,FALSE)) -> JAC | BC44: - | BD44: =IF(BB43="","",VLOOKUP(BB43,'[1]All Player'!$A$2:$D$517,4,FALSE)) -> DEF | BE44: =AZ44-0.01 -> 14.1 | BG44: =IF(BG43="","",VLOOKUP(BG43,'[1]All Player'!$A$2:$D$517,2,FALSE)) -> LAC | BH44: - | BI44: =IF(BG43="","",VLOOKUP(BG43,'[1]All Player'!$A$2:$D$517,4,FALSE)) -> K | BJ44: =BE44-0.01 -> 14.09 | BL44: =IF(BL43="","",VLOOKUP(BL43,'[1]All Player'!$A$2:$D$517,2,FALSE)) -> CIN | BM44: - | BN44: =IF(BL43="","",VLOOKUP(BL43,'[1]All Player'!$A$2:$D$517,4,FALSE)) -> DEF | BO44: =BJ44-0.01 -> 14.08 | BQ44: =IF(BQ43="","",VLOOKUP(BQ43,'[1]All Player'!$A$2:$D$517,2,FALSE)) -> PHI | BR44: - | BS44: =IF(BQ43="","",VLOOKUP(BQ43,'[1]All Player'!$A$2:$D$517,4,FALSE)) -> K | BT44: =BO44-0.01 -> 14.07 | BV44: =IF(BV43="","",VLOOKUP(BV43,'[1]All Player'!$A$2:$D$517,2,FALSE)) -> NYJ | BW44: - | BX44: =IF(BV43="","",VLOOKUP(BV43,'[1]All Player'!$A$2:$D$517,4,FALSE)) -> K | BY44: =BT44-0.01 -> 14.06 | CA44: =IF(CA43="","",VLOOKUP(CA43,'[1]All Player'!$A$2:$D$517,2,FALSE)) -> IND | CB44: - | CC44: =IF(CA43="","",VLOOKUP(CA43,'[1]All Player'!$A$2:$D$517,4,FALSE)) -> K | CD44: =BY44-0.01 -> 14.05 | CF44: =IF(CF43="","",VLOOKUP(CF43,'[1]All Player'!$A$2:$D$517,2,FALSE)) -> IND | CG44: - | CH44: =IF(CF43="","",VLOOKUP(CF43,'[1]All Player'!$A$2:$D$517,4,FALSE)) -> RB | CI44: =CD44-0.01 -> 14.04 | CK44: =IF(CK43="","",VLOOKUP(CK43,'[1]All Player'!$A$2:$D$517,2,FALSE)) -> DEN | CL44: - | CM44: =IF(CK43="","",VLOOKUP(CK43,'[1]All Player'!$A$2:$D$517,4,FALSE)) -> DEF | CN44: =CI44-0.01 -> 14.03 | CP44: =IF(CP43="","",VLOOKUP(CP43,'[1]All Player'!$A$2:$D$517,2,FALSE)) -> NYG | CQ44: - | CR44: =IF(CP43="","",VLOOKUP(CP43,'[1]All Player'!$A$2:$D$517,4,FALSE)) -> RB | CS44: =CN44-0.01 -> 14.02 | CU44: =IF(CU43="","",VLOOKUP(CU43,'[1]All Player'!$A$2:$D$517,2,FALSE)) -> CAR | CV44: - | CW44: =IF(CU43="","",VLOOKUP(CU43,'[1]All Player'!$A$2:$D$517,4,FALSE)) -> RB | CX44: =CS44-0.01 -> 14.01
B46: 15. Runde | D46: Marcus Mariota | I46: Jake Bates | N46: DJ Chark Jr. | S46: Atlanta Falcons | X46: Nick Folk | AC46: Quentin Johnston | AH46: Dustin Hopkins | AM46: Cordarrelle Patterson | AR46: Blake Grupe | AW46: Daniel Carlson | BB46: Michael Carter | BG46: Jalin Hyatt | BL46: Chris Boswell | BQ46: D'Ernest Johnson | BV46: Troy Franklin | CA46: Theo Johnson | CF46: Zay Jones | CK46: Jalen Tolbert | CP46: Brandon McManus | CU46: Kareem Hunt
D47: =IF(D46="","",VLOOKUP(D46,'[1]All Player'!$A$2:$D$517,2,FALSE)) -> WAS | E47: - | F47: =IF(D46="","",VLOOKUP(D46,'[1]All Player'!$A$2:$D$517,4,FALSE)) -> QB | G47: =LEFT(B46,2)+0.01 -> 15.01 | I47: =IF(I46="","",VLOOKUP(I46,'[1]All Player'!$A$2:$D$517,2,FALSE)) -> DET | J47: - | K47: =IF(I46="","",VLOOKUP(I46,'[1]All Player'!$A$2:$D$517,4,FALSE)) -> K | L47: =G47+0.01 -> 15.02 | N47: =IF(N46="","",VLOOKUP(N46,'[1]All Player'!$A$2:$D$517,2,FALSE)) -> LAC | O47: - | P47: =IF(N46="","",VLOOKUP(N46,'[1]All Player'!$A$2:$D$517,4,FALSE)) -> WR | Q47: =L47+0.01 -> 15.03 | S47: =IF(S46="","",VLOOKUP(S46,'[1]All Player'!$A$2:$D$517,2,FALSE)) -> ATL | T47: - | U47: =IF(S46="","",VLOOKUP(S46,'[1]All Player'!$A$2:$D$517,4,FALSE)) -> DEF | V47: =Q47+0.01 -> 15.04 | X47: =IF(X46="","",VLOOKUP(X46,'[1]All Player'!$A$2:$D$517,2,FALSE)) -> TEN | Y47: - | Z47: =IF(X46="","",VLOOKUP(X46,'[1]All Player'!$A$2:$D$517,4,FALSE)) -> K | AA47: =V47+0.01 -> 15.05 | AC47: =IF(AC46="","",VLOOKUP(AC46,'[1]All Player'!$A$2:$D$517,2,FALSE)) -> LAC | AD47: - | AE47: =IF(AC46="","",VLOOKUP(AC46,'[1]All Player'!$A$2:$D$517,4,FALSE)) -> WR | AF47: =AA47+0.01 -> 15.06 | AH47: =IF(AH46="","",VLOOKUP(AH46,'[1]All Player'!$A$2:$D$517,2,FALSE)) -> CLE | AI47: - | AJ47: =IF(AH46="","",VLOOKUP(AH46,'[1]All Player'!$A$2:$D$517,4,FALSE)) -> K | AK47: =AF47+0.01 -> 15.07 | AM47: =IF(AM46="","",VLOOKUP(AM46,'[1]All Player'!$A$2:$D$517,2,FALSE)) -> PIT | AN47: - | AO47: =IF(AM46="","",VLOOKUP(AM46,'[1]All Player'!$A$2:$D$517,4,FALSE)) -> RB | AP47: =AK47+0.01 -> 15.08 | AR47: =IF(AR46="","",VLOOKUP(AR46,'[1]All Player'!$A$2:$D$517,2,FALSE)) -> NO | AS47: - | AT47: =IF(AR46="","",VLOOKUP(AR46,'[1]All Player'!$A$2:$D$517,4,FALSE)) -> K | AU47: =AP47+0.01 -> 15.09 | AW47: =IF(AW46="","",VLOOKUP(AW46,'[1]All Player'!$A$2:$D$517,2,FALSE)) -> LV | AX47: - | AY47: =IF(AW46="","",VLOOKUP(AW46,'[1]All Player'!$A$2:$D$517,4,FALSE)) -> K | AZ47: =AU47+0.01 -> 15.1 | BB47: ARI | BC47: - | BD47: RB | BE47: =AZ47+0.01 -> 15.11 | BG47: =IF(BG46="","",VLOOKUP(BG46,'[1]All Player'!$A$2:$D$517,2,FALSE)) -> NYG | BH47: - | BI47: =IF(BG46="","",VLOOKUP(BG46,'[1]All Player'!$A$2:$D$517,4,FALSE)) -> WR | BJ47: =BE47+0.01 -> 15.12 | BL47: =IF(BL46="","",VLOOKUP(BL46,'[1]All Player'!$A$2:$D$517,2,FALSE)) -> PIT | BM47: - | BN47: =IF(BL46="","",VLOOKUP(BL46,'[1]All Player'!$A$2:$D$517,4,FALSE)) -> K | BO47: =BJ47+0.01 -> 15.13 | BQ47: =IF(BQ46="","",VLOOKUP(BQ46,'[1]All Player'!$A$2:$D$517,2,FALSE)) -> JAC | BR47: - | BS47: =IF(BQ46="","",VLOOKUP(BQ46,'[1]All Player'!$A$2:$D$517,4,FALSE)) -> RB | BT47: =BO47+0.01 -> 15.14 | BV47: =IF(BV46="","",VLOOKUP(BV46,'[1]All Player'!$A$2:$D$517,2,FALSE)) -> DEN | BW47: - | BX47: =IF(BV46="","",VLOOKUP(BV46,'[1]All Player'!$A$2:$D$517,4,FALSE)) -> WR | BY47: =BT47+0.01 -> 15.15 | CA47: =IF(CA46="","",VLOOKUP(CA46,'[1]All Player'!$A$2:$D$517,2,FALSE)) -> NYG | CB47: - | CC47: =IF(CA46="","",VLOOKUP(CA46,'[1]All Player'!$A$2:$D$517,4,FALSE)) -> TE | CD47: =BY47+0.01 -> 15.16 | CF47: =IF(CF46="","",VLOOKUP(CF46,'[1]All Player'!$A$2:$D$517,2,FALSE)) -> ARI | CG47: - | CH47: =IF(CF46="","",VLOOKUP(CF46,'[1]All Player'!$A$2:$D$517,4,FALSE)) -> WR | CI47: =CD47+0.01 -> 15.17 | CK47: =IF(CK46="","",VLOOKUP(CK46,'[1]All Player'!$A$2:$D$517,2,FALSE)) -> DAL | CL47: - | CM47: =IF(CK46="","",VLOOKUP(CK46,'[1]All Player'!$A$2:$D$517,4,FALSE)) -> WR | CN47: =CI47+0.01 -> 15.18 | CP47: =IF(CP46="","",VLOOKUP(CP46,'[1]All Player'!$A$2:$D$517,2,FALSE)) -> FA | CQ47: - | CR47: =IF(CP46="","",VLOOKUP(CP46,'[1]All Player'!$A$2:$D$517,4,FALSE)) -> K | CS47: =CN47+0.01 -> 15.19 | CU47: =IF(CU46="","",VLOOKUP(CU46,'[1]All Player'!$A$2:$D$517,2,FALSE)) -> FA | CV47: - | CW47: =IF(CU46="","",VLOOKUP(CU46,'[1]All Player'!$A$2:$D$517,4,FALSE)) -> RB | CX47: =CS47+0.01 -> 15.2
F50: QB
F52: RB
F54: WR
F56: TE
F58: DEF
F60: K

Sheet Divisions & Schedule
A1: E-Town Elephants
A2: Amity Island Sharks | C2: Division A | E2: Division B | G2: Divison C | I2: Division D
A3: BearD | B3: A1 | C3: Foxboro Forever | D3: B1 | E3: Bishop Sycamore | F3: C1 | G3: Thunder Ducks | H3: D1 | I3: The 49vengers
A4: Broken Bembels ULB | B4: A2 | C4: K-Town Devils | D4: B2 | E4: Broken Bembels ULB | F4: C2 | G4: BearD | H4: D2 | I4: Johnny Manziel and Friends
A5: Bojangles Pornstars | B5: A3 | C5: Frankfurt Packers | D5: B3 | E5: the Boys | F5: C3 | G5: Amity Island Sharks | H5: D3 | I5: E-Town Elephants
A6: Brady Gaga | B6: A4 | C6: Wiesbaden Phantoms | D6: B4 | E6: Bojangles Pornstars | F6: C4 | G6: Randy Moss LoB Juenger | H6: D4 | I6: Steelersnation 7
A7: Fighting Farmers | B7: A5 | C7: Pep's Band | D7: B5 | E7: Zeugen Ray Lewis | F7: C5 | G7: Fighting Farmers | H7: D5 | I7: Brady Gaga
A8: Frankfurt Packers
A9: Foxboro Forever
A10: Thunder Ducks | B10: Week 1 | C10: =IF(C3="","",C3) -> Foxboro Forever | D10: vs. | E10: =IF(C4="","",C4) -> K-Town Devils | G10: =$E$10 -> K-Town Devils | H10: vs. | I10: =$C$10 -> Foxboro Forever | J10: Week 8
A11: Johnny Manziel and Friends | C11: =IF(C5="","",C5) -> Frankfurt Packers | D11: vs. | E11: =IF(C6="","",C6) -> Wiesbaden Phantoms | G11: =$E$11 -> Wiesbaden Phantoms | H11: vs. | I11: =$C$11 -> Frankfurt Packers
A12: K-Town Devils | C12: =IF(C7="","",C7) -> Pep's Band | D12: vs. | E12: =IF(G7="","",G7) -> Fighting Farmers | G12: =$E$12 -> Fighting Farmers | H12: vs. | I12: =$C$12 -> Pep's Band
A13: Pep's Band | C13: =IF(E3="","",E3) -> Bishop Sycamore | D13: vs. | E13: =IF(E4="","",E4) -> Broken Bembels ULB | G13: =$E$13 -> Broken Bembels ULB | H13: vs. | I13: =$C$13 -> Bishop Sycamore
A14: Randy Moss LoB Juenger | C14: =IF(E5="","",E5) -> the Boys | D14: vs. | E14: =IF(E6="","",E6) -> Bojangles Pornstars | G14: =$E$14 -> Bojangles Pornstars | H14: vs. | I14: =$C$14 -> the Boys
A15: Steelersnation 7 | C15: =IF(E7="","",E7) -> Zeugen Ray Lewis | D15: vs. | E15: =IF(I7="","",I7) -> Brady Gaga | G15: =$E$15 -> Brady Gaga | H15: vs. | I15: =$C$15 -> Zeugen Ray Lewis
A16: The 49vengers | C16: =IF(G3="","",G3) -> Thunder Ducks | D16: vs. | E16: =IF(G4="","",G4) -> BearD | G16: =$E$16 -> BearD | H16: vs. | I16: =$C$16 -> Thunder Ducks
A17: the Boys | C17: =IF(G5="","",G5) -> Amity Island Sharks | D17: vs. | E17: =IF(G6="","",G6) -> Randy Moss LoB Juenger | G17: =$E$17 -> Randy Moss LoB Juenger | H17: vs. | I17: =$C$17 -> Amity Island Sharks
A18: Bishop Sycamore | C18: =IF(I3="","",I3) -> The 49vengers | D18: vs. | E18: =IF(I4="","",I4) -> Johnny Manziel and Friends | G18: =$E$18 -> Johnny Manziel and Friends | H18: vs. | I18: =$C$18 -> The 49vengers
A19: Wiesbaden Phantoms | C19: =IF(I5="","",I5) -> E-Town Elephants | D19: vs. | E19: =IF(I6="","",I6) -> Steelersnation 7 | G19: =$E$19 -> Steelersnation 7 | H19: vs. | I19: =$C$19 -> E-Town Elephants
A20: Zeugen Ray Lewis
B21: Week 2 | C21: =C10 -> Foxboro Forever | D21: vs. | E21: =$C$11 -> Frankfurt Packers | G21: =$C$11 -> Frankfurt Packers | H21: vs. | I21: =$C$10 -> Foxboro Forever | J21: Week 9
C22: =$E$11 -> Wiesbaden Phantoms | D22: vs. | E22: =$C$12 -> Pep's Band | G22: =$C$12 -> Pep's Band | H22: vs. | I22: =$E$11 -> Wiesbaden Phantoms
C23: =$E$10 -> K-Town Devils | D23: vs. | E23: =$E$16 -> BearD | G23: =$E$16 -> BearD | H23: vs. | I23: =$E$10 -> K-Town Devils
C24: =$C$13 -> Bishop Sycamore | D24: vs. | E24: =$C$14 -> the Boys | G24: =$C$14 -> the Boys | H24: vs. | I24: =$C$13 -> Bishop Sycamore
C25: =$E$14 -> Bojangles Pornstars | D25: vs. | E25: =$C$15 -> Zeugen Ray Lewis | G25: =$C$15 -> Zeugen Ray Lewis | H25: vs. | I25: =$E$14 -> Bojangles Pornstars
C26: =$E$13 -> Broken Bembels ULB | D26: vs. | E26: =$E$18 -> Johnny Manziel and Friends | G26: =$E$18 -> Johnny Manziel and Friends | H26: vs. | I26: =$E$13 -> Broken Bembels ULB
C27: =$C$16 -> Thunder Ducks | D27: vs. | E27: =$C$17 -> Amity Island Sharks | G27: =$C$17 -> Amity Island Sharks | H27: vs. | I27: =$C$16 -> Thunder Ducks
C28: =$E$17 -> Randy Moss LoB Juenger | D28: vs. | E28: =$E$12 -> Fighting Farmers | G28: =$E$12 -> Fighting Farmers | H28: vs. | I28: =$E$17 -> Randy Moss LoB Juenger
C29: =$C$18 -> The 49vengers | D29: vs. | E29: =$C$19 -> E-Town Elephants | G29: =$C$19 -> E-Town Elephants | H29: vs. | I29: =$C$18 -> The 49vengers
C30: =$E$19 -> Steelersnation 7 | D30: vs. | E30: =$E$15 -> Brady Gaga | G30: =$E$15 -> Brady Gaga | H30: vs. | I30: =$E$19 -> Steelersnation 7
B32: Week 3 | C32: =$C$10 -> Foxboro Forever | D32: vs. | E32: =$E$11 -> Wiesbaden Phantoms | G32: =$E$11 -> Wiesbaden Phantoms | H32: vs. | I32: =$C$10 -> Foxboro Forever | J32: Week 10
C33: =$C$12 -> Pep's Band | D33: vs. | E33: =$E$10 -> K-Town Devils | G33: =$C$12 -> Pep's Band | H33: vs. | I33: =$E$10 -> K-Town Devils
C34: =$C$11 -> Frankfurt Packers | D34: vs. | E34: =$C$17 -> Amity Island Sharks | G34: =$C$17 -> Amity Island Sharks | H34: vs. | I34: =$C$11 -> Frankfurt Packers
C35: =$C$13 -> Bishop Sycamore | D35: vs. | E35: =$E$14 -> Bojangles Pornstars | G35: =$E$14 -> Bojangles Pornstars | H35: vs. | I35: =$C$13 -> Bishop Sycamore
C36: =$C$15 -> Zeugen Ray Lewis | D36: vs. | E36: =$E$13 -> Broken Bembels ULB | G36: =$E$13 -> Broken Bembels ULB | H36: vs. | I36: =$C$15 -> Zeugen Ray Lewis
C37: =$C$14 -> the Boys | D37: vs. | E37: =$C$19 -> E-Town Elephants | G37: =$C$19 -> E-Town Elephants | H37: vs. | I37: =$C$14 -> the Boys
C38: =$C$16 -> Thunder Ducks | D38: vs. | E38: =$E$17 -> Randy Moss LoB Juenger | G38: =$E$17 -> Randy Moss LoB Juenger | H38: vs. | I38: =$C$16 -> Thunder Ducks
C39: =$E$12 -> Fighting Farmers | D39: vs. | E39: =$E$16 -> BearD | G39: =$E$16 -> BearD | H39: vs. | I39: =$E$12 -> Fighting Farmers
C40: =$C$18 -> The 49vengers | D40: vs. | E40: =$E$19 -> Steelersnation 7 | G40: =$E$19 -> Steelersnation 7 | H40: vs. | I40: =$C$18 -> The 49vengers
C41: =$E$15 -> Brady Gaga | D41: vs. | E41: =$E$18 -> Johnny Manziel and Friends | G41: =$E$18 -> Johnny Manziel and Friends | H41: vs. | I41: =$E$15 -> Brady Gaga
B43: Week 4 | C43: =$C$10 -> Foxboro Forever | D43: vs. | E43: =$C$12 -> Pep's Band | G43: =$C$12 -> Pep's Band | H43: vs. | I43: =$C$10 -> Foxboro Forever | J43: Week 11
C44: =$E$10 -> K-Town Devils | D44: vs. | E44: =$C$11 -> Frankfurt Packers | G44: =$C$11 -> Frankfurt Packers | H44: vs. | I44: =$E$10 -> K-Town Devils
C45: =$E$11 -> Wiesbaden Phantoms | D45: vs. | E45: =$E$17 -> Randy Moss LoB Juenger | G45: =$E$17 -> Randy Moss LoB Juenger | H45: vs. | I45: =$E$11 -> Wiesbaden Phantoms
C46: =$C$13 -> Bishop Sycamore | D46: vs. | E46: =$C$15 -> Zeugen Ray Lewis | G46: =$C$15 -> Zeugen Ray Lewis | H46: vs. | I46: =$C$13 -> Bishop Sycamore
C47: =$E$13 -> Broken Bembels ULB | D47: vs. | E47: =$C$14 -> the Boys | G47: =$C$14 -> the Boys | H47: vs. | I47: =$E$13 -> Broken Bembels ULB
C48: =$E$14 -> Bojangles Pornstars | D48: vs. | E48: =$E$19 -> Steelersnation 7 | G48: =$E$19 -> Steelersnation 7 | H48: vs. | I48: =$E$14 -> Bojangles Pornstars
C49: =$C$16 -> Thunder Ducks | D49: vs. | E49: =$E$12 -> Fighting Farmers | G49: =$E$12 -> Fighting Farmers | H49: vs. | I49: =C16 -> Thunder Ducks
C50: =$E$16 -> BearD | D50: vs. | E50: =$C$17 -> Amity Island Sharks | G50: =$C$17 -> Amity Island Sharks | H50: vs. | I50: =$E$16 -> BearD
C51: =$C$18 -> The 49vengers | D51: vs. | E51: =$E$15 -> Brady Gaga | G51: =$E$15 -> Brady Gaga | H51: vs. | I51: =$C$18 -> The 49vengers
C52: =$E$18 -> Johnny Manziel and Friends | D52: vs. | E52: =$C$19 -> E-Town Elephants | G52: =$C$19 -> E-Town Elephants | H52: vs. | I52: =$E$18 -> Johnny Manziel and Friends
B54: Week 5 | C54: =$C$11 -> Frankfurt Packers | D54: vs. | E54: =$C$12 -> Pep's Band | G54: =$C$12 -> Pep's Band | H54: vs. | I54: =$C$11 -> Frankfurt Packers | J54: Week 12
C55: =$E$10 -> K-Town Devils | D55: vs. | E55: =$E$11 -> Wiesbaden Phantoms | G55: =$E$11 -> Wiesbaden Phantoms | H55: vs. | I55: =$E$10 -> K-Town Devils
C56: =$C$10 -> Foxboro Forever | D56: vs. | E56: =C16 -> Thunder Ducks | G56: =$C$16 -> Thunder Ducks | H56: vs. | I56: =$C$10 -> Foxboro Forever
C57: =$C$14 -> the Boys | D57: vs. | E57: =$C$15 -> Zeugen Ray Lewis | G57: =$C$15 -> Zeugen Ray Lewis | H57: vs. | I57: =$C$14 -> the Boys
C58: =$E$13 -> Broken Bembels ULB | D58: vs. | E58: =$E$14 -> Bojangles Pornstars | G58: =$E$14 -> Bojangles Pornstars | H58: vs. | I58: =$E$13 -> Broken Bembels ULB
C59: =$C$13 -> Bishop Sycamore | D59: vs. | E59: =$C$18 -> The 49vengers | G59: =$C$18 -> The 49vengers | H59: vs. | I59: =$C$13 -> Bishop Sycamore
C60: =$C$17 -> Amity Island Sharks | D60: vs. | E60: =$E$12 -> Fighting Farmers | G60: =$E$12 -> Fighting Farmers | H60: vs. | I60: =$C$17 -> Amity Island Sharks
C61: =$E$17 -> Randy Moss LoB Juenger | D61: vs. | E61: =$E$16 -> BearD | G61: =$E$17 -> Randy Moss LoB Juenger | H61: vs. | I61: =$E$16 -> BearD
C62: =$C$19 -> E-Town Elephants | D62: vs. | E62: =$E$15 -> Brady Gaga | G62: =$E$15 -> Brady Gaga | H62: vs. | I62: =$C$19 -> E-Town Elephants
C63: =$E$19 -> Steelersnation 7 | D63: vs. | E63: =$E$18 -> Johnny Manziel and Friends | G63: =$E$19 -> Steelersnation 7 | H63: vs. | I63: =$E$18 -> Johnny Manziel and Friends
B65: Week 6 | C65: =$C$10 -> Foxboro Forever | D65: vs. | E65: =$C$13 -> Bishop Sycamore | G65: =$C$13 -> Bishop Sycamore | H65: vs. | I65: =$C$10 -> Foxboro Forever | J65: Week 13
C66: =$E$10 -> K-Town Devils | D66: vs. | E66: =$E$13 -> Broken Bembels ULB | G66: =$E$13 -> Broken Bembels ULB | H66: vs. | I66: =$E$10 -> K-Town Devils
C67: =$C$11 -> Frankfurt Packers | D67: vs. | E67: =$C$14 -> the Boys | G67: =$C$14 -> the Boys | H67: vs. | I67: =$C$11 -> Frankfurt Packers
C68: =$E$11 -> Wiesbaden Phantoms | D68: vs. | E68: =$E$14 -> Bojangles Pornstars | G68: =$E$14 -> Bojangles Pornstars | H68: vs. | I68: =$E$11 -> Wiesbaden Phantoms
C69: =$C$12 -> Pep's Band | D69: vs. | E69: =$C$15 -> Zeugen Ray Lewis | G69: =$C$15 -> Zeugen Ray Lewis | H69: vs. | I69: =$C$12 -> Pep's Band
C70: =$C$16 -> Thunder Ducks | D70: vs. | E70: =$C$18 -> The 49vengers | G70: =$C$18 -> The 49vengers | H70: vs. | I70: =$C$16 -> Thunder Ducks
C71: =$E$16 -> BearD | D71: vs. | E71: =$E$18 -> Johnny Manziel and Friends | G71: =$E$18 -> Johnny Manziel and Friends | H71: vs. | I71: =$E$16 -> BearD
C72: =$C$17 -> Amity Island Sharks | D72: vs. | E72: =$C$19 -> E-Town Elephants | G72: =$C$19 -> E-Town Elephants | H72: vs. | I72: =$C$17 -> Amity Island Sharks
C73: =$E$17 -> Randy Moss LoB Juenger | D73: vs. | E73: =$E$19 -> Steelersnation 7 | G73: =$E$19 -> Steelersnation 7 | H73: vs. | I73: =$E$17 -> Randy Moss LoB Juenger
C74: =$E$12 -> Fighting Farmers | D74: vs. | E74: =$E$15 -> Brady Gaga | G74: =$E$15 -> Brady Gaga | H74: vs. | I74: =$E$12 -> Fighting Farmers
B76: Week 7 | C76: =$C$10 -> Foxboro Forever | D76: vs. | E76: =$C$18 -> The 49vengers | G76: =$C$18 -> The 49vengers | H76: vs. | I76: =$C$10 -> Foxboro Forever | J76: Week 14
C77: =$E$10 -> K-Town Devils | D77: vs. | E77: =$E$18 -> Johnny Manziel and Friends | G77: =$E$18 -> Johnny Manziel and Friends | H77: vs. | I77: =$E$10 -> K-Town Devils
C78: =$C$11 -> Frankfurt Packers | D78: vs. | E78: =$C$19 -> E-Town Elephants | G78: =$C$19 -> E-Town Elephants | H78: vs. | I78: =$C$11 -> Frankfurt Packers
C79: =$E$11 -> Wiesbaden Phantoms | D79: vs. | E79: =$E$19 -> Steelersnation 7 | G79: =$E$19 -> Steelersnation 7 | H79: vs. | I79: =$E$11 -> Wiesbaden Phantoms
C80: =$C$12 -> Pep's Band | D80: vs. | E80: =$E$15 -> Brady Gaga | G80: =$E$15 -> Brady Gaga | H80: vs. | I80: =$C$12 -> Pep's Band
C81: =$C$13 -> Bishop Sycamore | D81: vs. | E81: =$C$16 -> Thunder Ducks | G81: =$C$16 -> Thunder Ducks | H81: vs. | I81: =$C$13 -> Bishop Sycamore
C82: =$E$13 -> Broken Bembels ULB | D82: vs. | E82: =$E$16 -> BearD | G82: =$E$16 -> BearD | H82: vs. | I82: =$E$13 -> Broken Bembels ULB
C83: =$C$14 -> the Boys | D83: vs. | E83: =$C$17 -> Amity Island Sharks | G83: =$C$17 -> Amity Island Sharks | H83: vs. | I83: =$C$14 -> the Boys
C84: =$E$14 -> Bojangles Pornstars | D84: vs. | E84: =$E$17 -> Randy Moss LoB Juenger | G84: =$E$17 -> Randy Moss LoB Juenger | H84: vs. | I84: =$E$14 -> Bojangles Pornstars
C85: =$C$15 -> Zeugen Ray Lewis | D85: vs. | E85: =$E$12 -> Fighting Farmers | G85: =$E$12 -> Fighting Farmers | H85: vs. | I85: =$C$15 -> Zeugen Ray Lewis

Sheet Draft Statistics
D2: QB | F2: RB | H2: WR | J2: TE | L2: DEF | N2: K
B4: 1. Runde | D4: =COUNTIF('Draft Board'!D5:CZ5,"QB") -> 1 | F4: =COUNTIF('Draft Board'!D5:CZ5,"RB") -> 11 | H4: =COUNTIF('Draft Board'!D5:CZ5,"WR") -> 7 | J4: =COUNTIF('Draft Board'!D5:CZ5,"TE") -> 1 | L4: =COUNTIF('Draft Board'!D5:CZ5,"DEF") -> 0 | N4: =COUNTIF('Draft Board'!D5:CZ5,"K") -> 0
B6: 2. Runde | D6: =COUNTIF('Draft Board'!D8:CZ8,"QB") -> 2 | F6: =COUNTIF('Draft Board'!D8:CZ8,"RB") -> 8 | H6: =COUNTIF('Draft Board'!D8:CZ8,"WR") -> 9 | J6: =COUNTIF('Draft Board'!D8:CZ8,"TE") -> 1 | L6: =COUNTIF('Draft Board'!D8:CZ8,"DEF") -> 0 | N6: =COUNTIF('Draft Board'!D8:CZ8,"K") -> 0
B8: 3. Runde | D8: =COUNTIF('Draft Board'!D11:CZ11,"QB") -> 1 | F8: =COUNTIF('Draft Board'!D11:CZ11,"RB") -> 8 | H8: =COUNTIF('Draft Board'!D11:CZ11,"WR") -> 10 | J8: =COUNTIF('Draft Board'!D11:CZ11,"TE") -> 1 | L8: =COUNTIF('Draft Board'!D11:CZ11,"DEF") -> 0 | N8: =COUNTIF('Draft Board'!D11:CZ11,"K") -> 0
B10: 4. Runde | D10: =COUNTIF('Draft Board'!D14:CZ14,"QB") -> 3 | F10: =COUNTIF('Draft Board'!D14:CZ14,"RB") -> 8 | H10: =COUNTIF('Draft Board'!D14:CZ14,"WR") -> 6 | J10: =COUNTIF('Draft Board'!D14:CZ14,"TE") -> 3 | L10: =COUNTIF('Draft Board'!D14:CZ14,"DEF") -> 0 | N10: =COUNTIF('Draft Board'!D14:CZ14,"K") -> 0
B12: 5. Runde | D12: =COUNTIF('Draft Board'!D17:CZ17,"QB") -> 4 | F12: =COUNTIF('Draft Board'!D17:CZ17,"RB") -> 4 | H12: =COUNTIF('Draft Board'!D17:CZ17,"WR") -> 6 | J12: =COUNTIF('Draft Board'!D17:CZ17,"TE") -> 5 | L12: =COUNTIF('Draft Board'!D17:CZ17,"DEF") -> 0 | N12: =COUNTIF('Draft Board'!D17:CZ17,"K") -> 1
B14: 6. Runde | D14: =COUNTIF('Draft Board'!D20:CZ20,"QB") -> 6 | F14: =COUNTIF('Draft Board'!D20:CZ20,"RB") -> 4 | H14: =COUNTIF('Draft Board'!D20:CZ20,"WR") -> 3 | J14: =COUNTIF('Draft Board'!D20:CZ20,"TE") -> 6 | L14: =COUNTIF('Draft Board'!D20:CZ20,"DEF") -> 1 | N14: =COUNTIF('Draft Board'!D20:CZ20,"K") -> 0
B16: 7. Runde | D16: =COUNTIF('Draft Board'!D23:CZ23,"QB") -> 5 | F16: =COUNTIF('Draft Board'!D23:CZ23,"RB") -> 5 | H16: =COUNTIF('Draft Board'!D23:CZ23,"WR") -> 8 | J16: =COUNTIF('Draft Board'!D23:CZ23,"TE") -> 1 | L16: =COUNTIF('Draft Board'!D23:CZ23,"DEF") -> 1 | N16: =COUNTIF('Draft Board'!D23:CZ23,"K") -> 0
B18: 8. Runde | D18: =COUNTIF('Draft Board'!D26:CZ26,"QB") -> 3 | F18: =COUNTIF('Draft Board'!D26:CZ26,"RB") -> 6 | H18: =COUNTIF('Draft Board'!D26:CZ26,"WR") -> 8 | J18: =COUNTIF('Draft Board'!D26:CZ26,"TE") -> 2 | L18: =COUNTIF('Draft Board'!D26:CZ26,"DEF") -> 1 | N18: =COUNTIF('Draft Board'!D26:CZ26,"K") -> 0
B20: 9. Runde | D20: =COUNTIF('Draft Board'!D29:CZ29,"QB") -> 1 | F20: =COUNTIF('Draft Board'!D29:CZ29,"RB") -> 9 | H20: =COUNTIF('Draft Board'!D29:CZ29,"WR") -> 7 | J20: =COUNTIF('Draft Board'!D29:CZ29,"TE") -> 2 | L20: =COUNTIF('Draft Board'!D29:CZ29,"DEF") -> 1 | N20: =COUNTIF('Draft Board'!D29:CZ29,"K") -> 0
B22: 10. Runde | D22: =COUNTIF('Draft Board'!D32:CZ32,"QB") -> 5 | F22: =COUNTIF('Draft Board'!D32:CZ32,"RB") -> 3 | H22: =COUNTIF('Draft Board'!D32:CZ32,"WR") -> 2 | J22: =COUNTIF('Draft Board'!D32:CZ32,"TE") -> 6 | L22: =COUNTIF('Draft Board'!D32:CZ32,"DEF") -> 0 | N22: =COUNTIF('Draft Board'!D32:CZ32,"K") -> 4
B24: 11. Runde | D24: =COUNTIF('Draft Board'!D35:CZ35,"QB") -> 1 | F24: =COUNTIF('Draft Board'!D35:CZ35,"RB") -> 8 | H24: =COUNTIF('Draft Board'!D35:CZ35,"WR") -> 1 | J24: =COUNTIF('Draft Board'!D35:CZ35,"TE") -> 1 | L24: =COUNTIF('Draft Board'!D35:CZ35,"DEF") -> 7 | N24: =COUNTIF('Draft Board'!D35:CZ35,"K") -> 2
B26: 12. Runde | D26: =COUNTIF('Draft Board'!D38:CZ38,"QB") -> 1 | F26: =COUNTIF('Draft Board'!D38:CZ38,"RB") -> 2 | H26: =COUNTIF('Draft Board'!D38:CZ38,"WR") -> 9 | J26: =COUNTIF('Draft Board'!D38:CZ38,"TE") -> 5 | L26: =COUNTIF('Draft Board'!D38:CZ38,"DEF") -> 2 | N26: =COUNTIF('Draft Board'!D38:CZ38,"K") -> 1
B28: 13. Runde | D28: =COUNTIF('Draft Board'!D41:CZ41,"QB") -> 4 | F28: =COUNTIF('Draft Board'!D41:CZ41,"RB") -> 2 | H28: =COUNTIF('Draft Board'!D41:CZ41,"WR") -> 5 | J28: =COUNTIF('Draft Board'!D41:CZ41,"TE") -> 4 | L28: =COUNTIF('Draft Board'!D41:CZ41,"DEF") -> 4 | N28: =COUNTIF('Draft Board'!D41:CZ41,"K") -> 1
B30: 14. Runde | D30: =COUNTIF('Draft Board'!D44:CZ44,"QB") -> 0 | F30: =COUNTIF('Draft Board'!D44:CZ44,"RB") -> 4 | H30: =COUNTIF('Draft Board'!D44:CZ44,"WR") -> 4 | J30: =COUNTIF('Draft Board'!D44:CZ44,"TE") -> 0 | L30: =COUNTIF('Draft Board'!D44:CZ44,"DEF") -> 6 | N30: =COUNTIF('Draft Board'!D44:CZ44,"K") -> 6
B32: 15. Runde | D32: =COUNTIF('Draft Board'!D47:CZ47,"QB") -> 1 | F32: =COUNTIF('Draft Board'!D47:CZ47,"RB") -> 4 | H32: =COUNTIF('Draft Board'!D47:CZ47,"WR") -> 6 | J32: =COUNTIF('Draft Board'!D47:CZ47,"TE") -> 1 | L32: =COUNTIF('Draft Board'!D47:CZ47,"DEF") -> 1 | N32: =COUNTIF('Draft Board'!D47:CZ47,"K") -> 7
B34: Total | D34: =SUM(D4:D32) -> 38 | F34: =SUM(F4:F32) -> 86 | H34: =SUM(H4:H32) -> 91 | J34: =SUM(J4:J32) -> 39 | L34: =SUM(L4:L32) -> 24 | N34: =SUM(N4:N32) -> 22

Sheet Team Statistics
B2: Team | C2: Picks
B4: ARI | C4: =COUNTIF('Draft Board'!$D$3:$CZ$47,'Team Statistics'!B4) -> 8
B6: ATL | C6: =COUNTIF('Draft Board'!$D$3:$CZ$47,'Team Statistics'!B6) -> 9
B8: BAL | C8: =COUNTIF('Draft Board'!$D$3:$CZ$47,'Team Statistics'!B8) -> 10
B10: BUF | C10: =COUNTIF('Draft Board'!$D$3:$CZ$47,'Team Statistics'!B10) -> 10
B12: CAR | C12: =COUNTIF('Draft Board'!$D$3:$CZ$47,'Team Statistics'!B12) -> 9
B14: CHI | C14: =COUNTIF('Draft Board'!$D$3:$CZ$47,'Team Statistics'!B14) -> 10
B16: CIN | C16: =COUNTIF('Draft Board'!$D$3:$CZ$47,'Team Statistics'!B16) -> 9
B18: CLE | C18: =COUNTIF('Draft Board'!$D$3:$CZ$47,'Team Statistics'!B18) -> 10
B20: DAL | C20: =COUNTIF('Draft Board'!$D$3:$CZ$47,'Team Statistics'!B20) -> 10
B22: DEN | C22: =COUNTIF('Draft Board'!$D$3:$CZ$47,'Team Statistics'!B22) -> 10
B24: DET | C24: =COUNTIF('Draft Board'!$D$3:$CZ$47,'Team Statistics'!B24) -> 8
B26: GB | C26: =COUNTIF('Draft Board'!$D$3:$CZ$47,'Team Statistics'!B26) -> 11
... B66: WAS | C66: =COUNTIF('Draft Board'!$D$3:$CZ$47,'Team Statistics'!B66) -> 9
B68: FA | C68: =300-C70 -> 4
B70: Summe: | C70: =SUM(C4:C66) -> 296

Sheet All Player
A1: PLAYER NAME | B1: TEAM | C1: POS | D1: POS PLAIN | G1: IMPORT
A2: A.J. Brown | B2: PHI | C2: WR10 | D2: =IF(LEFT(C2,3)="DST","DEF",IF(LEFT(C2,1)="K","K",LEFT(C2,2))) -> WR | F2: 1 | G2: =IFERROR(__xludf.DUMMYFUNCTION("FILTER(IMPORTRANGE(""https://docs.google.com/spreadsheets/d/12GwvVQuA_g69mcvi0j1i_hvHTfUoMJzE/edit?gid=1131453096#gid=1131453096"",""'Draft Board'!D4:CX4""), IMPORTRANGE(""https://docs.google.com/spreadsheets/d/12GwvVQuA_g69mcvi0j1i_hvHTfUoMJzE/edit?gid=1"&"131453096#gid=1131453096"",""'Draft Board'!D4:CX4"")<>"""")"),"Ja'Marr Chase") -> Ja'Marr Chase | H2: =IFERROR(__xludf.DUMMYFUNCTION("""COMPUTED_VALUE"""),"Bijan Robinson") -> Bijan Robinson | I2: =IFERROR(__xludf.DUMMYFUNCTION("""COMPUTED_VALUE"""),"Jahmyr Gibbs") -> Jahmyr Gibbs | J2: =IFERROR(__xludf.DUMMYFUNCTION("""COMPUTED_VALUE"""),"CeeDee Lamb") -> CeeDee Lamb | K2: =IFERROR(__xludf.DUMMYFUNCTION("""COMPUTED_VALUE"""),"Saquon Barkley") -> Saquon Barkley | L2: =IFERROR(__xludf.DUMMYFUNCTION("""COMPUTED_VALUE"""),"Justin Jefferson") -> Justin Jefferson | M2: =IFERROR(__xludf.DUMMYFUNCTION("""COMPUTED_VALUE"""),"De'Von Achane") -> De'Von Achane | N2: =IFERROR(__xludf.DUMMYFUNCTION("""COMPUTED_VALUE"""),"Puka Nacua") -> Puka Nacua | O2: =IFERROR(__xludf.DUMMYFUNCTION("""COMPUTED_VALUE"""),"Malik Nabers") -> Malik Nabers | P2: =IFERROR(__xludf.DUMMYFUNCTION("""COMPUTED_VALUE"""),"Nico Collins") -> Nico Collins | Q2: =IFERROR(__xludf.DUMMYFUNCTION("""COMPUTED_VALUE"""),"Christian McCaffrey") -> Christian McCaffrey | R2: =IFERROR(__xludf.DUMMYFUNCTION("""COMPUTED_VALUE"""),"Amon-Ra St. Brown") -> Amon-Ra St. Brown | S2: =IFERROR(__xludf.DUMMYFUNCTION("""COMPUTED_VALUE"""),"Ashton Jeanty") -> Ashton Jeanty | T2: =IFERROR(__xludf.DUMMYFUNCTION("""COMPUTED_VALUE"""),"Garrett Wilson") -> Garrett Wilson | U2: =IFERROR(__xludf.DUMMYFUNCTION("""COMPUTED_VALUE"""),"Tyreek Hill") -> Tyreek Hill | V2: =IFERROR(__xludf.DUMMYFUNCTION("""COMPUTED_VALUE"""),"Derrick Henry") -> Derrick Henry | W2: =IFERROR(__xludf.DUMMYFUNCTION("""COMPUTED_VALUE"""),"Ladd McConkey") -> Ladd McConkey | X2: =IFERROR(__xludf.DUMMYFUNCTION("""COMPUTED_VALUE"""),"Josh Jacobs") -> Josh Jacobs | Y2: =IFERROR(__xludf.DUMMYFUNCTION("""COMPUTED_VALUE"""),"Drake London") -> Drake London | Z2: =IFERROR(__xludf.DUMMYFUNCTION("""COMPUTED_VALUE"""),"Chase Brown") -> Chase Brown
A3: A.J. Dillon | B3: PHI | C3: RB101 | D3: =IF(LEFT(C3,3)="DST","DEF",IF(LEFT(C3,1)="K","K",LEFT(C3,2))) -> RB | F3: 2 | G3: =IFERROR(__xludf.DUMMYFUNCTION("FILTER(IMPORTRANGE(""https://docs.google.com/spreadsheets/d/12GwvVQuA_g69mcvi0j1i_hvHTfUoMJzE/edit?gid=1131453096#gid=1131453096"",""'Draft Board'!D7:CX7""), IMPORTRANGE(""https://docs.google.com/spreadsheets/d/12GwvVQuA_g69mcvi0j1i_hvHTfUoMJzE/edit?gid=1"&"131453096#gid=1131453096"",""'Draft Board'!D7:CX7"")<>"""")"),"David Montgomery") -> David Montgomery | H3: =IFERROR(__xludf.DUMMYFUNCTION("""COMPUTED_VALUE"""),"Mike Evans") -> Mike Evans | I3: =IFERROR(__xludf.DUMMYFUNCTION("""COMPUTED_VALUE"""),"James Conner") -> James Conner | J3: =IFERROR(__xludf.DUMMYFUNCTION("""COMPUTED_VALUE"""),"Chuba Hubbard") -> Chuba Hubbard | K3: =IFERROR(__xludf.DUMMYFUNCTION("""COMPUTED_VALUE"""),"Josh Allen") -> Josh Allen | L3: =IFERROR(__xludf.DUMMYFUNCTION("""COMPUTED_VALUE"""),"TreVeyon Henderson") -> TreVeyon Henderson | M3: =IFERROR(__xludf.DUMMYFUNCTION("""COMPUTED_VALUE"""),"Lamar Jackson") -> Lamar Jackson | N3: =IFERROR(__xludf.DUMMYFUNCTION("""COMPUTED_VALUE"""),"James Cook") -> James Cook | O3: =IFERROR(__xludf.DUMMYFUNCTION("""COMPUTED_VALUE"""),"Omarion Hampton") -> Omarion Hampton | P3: =IFERROR(__xludf.DUMMYFUNCTION("""COMPUTED_VALUE"""),"Tee Higgins") -> Tee Higgins | Q3: =IFERROR(__xludf.DUMMYFUNCTION("""COMPUTED_VALUE"""),"Jaxon Smith-Njigba") -> Jaxon Smith-Njigba | R3: =IFERROR(__xludf.DUMMYFUNCTION("""COMPUTED_VALUE"""),"Kenneth Walker III") -> Kenneth Walker III | S3: =IFERROR(__xludf.DUMMYFUNCTION("""COMPUTED_VALUE"""),"Alvin Kamara") -> Alvin Kamara | T3: =IFERROR(__xludf.DUMMYFUNCTION("""COMPUTED_VALUE"""),"Breece Hall") -> Breece Hall | U3: =IFERROR(__xludf.DUMMYFUNCTION("""COMPUTED_VALUE"""),"Bucky Irving") -> Bucky Irving | V3: =IFERROR(__xludf.DUMMYFUNCTION("""COMPUTED_VALUE"""),"A.J. Brown") -> A.J. Brown | W3: =IFERROR(__xludf.DUMMYFUNCTION("""COMPUTED_VALUE"""),"Jonathan Taylor") -> Jonathan Taylor | X3: =IFERROR(__xludf.DUMMYFUNCTION("""COMPUTED_VALUE"""),"Kyren Williams") -> Kyren Williams | Y3: =IFERROR(__xludf.DUMMYFUNCTION("""COMPUTED_VALUE"""),"Brock Bowers") -> Brock Bowers | Z3: =IFERROR(__xludf.DUMMYFUNCTION("""COMPUTED_VALUE"""),"Brian Thomas Jr.") -> Brian Thomas Jr.
A4: Aaron Jones Sr. | B4: MIN | C4: RB24 | D4: =IF(LEFT(C4,3)="DST","DEF",IF(LEFT(C4,1)="K","K",LEFT(C4,2))) -> RB | F4: 3 | G4: =IFERROR(__xludf.DUMMYFUNCTION("FILTER(IMPORTRANGE(""https://docs.google.com/spreadsheets/d/12GwvVQuA_g69mcvi0j1i_hvHTfUoMJzE/edit?gid=1131453096#gid=1131453096"",""'Draft Board'!D10:CX10""), IMPORTRANGE(""https://docs.google.com/spreadsheets/d/12GwvVQuA_g69mcvi0j1i_hvHTfUoMJzE/edit?gid"&"=1131453096#gid=1131453096"",""'Draft Board'!D10:CX10"")<>"""")"),"Davante Adams") -> Davante Adams | H4: =IFERROR(__xludf.DUMMYFUNCTION("""COMPUTED_VALUE"""),"RJ Harvey") -> RJ Harvey | I4: =IFERROR(__xludf.DUMMYFUNCTION("""COMPUTED_VALUE"""),"Terry McLaurin") -> Terry McLaurin | J4: =IFERROR(__xludf.DUMMYFUNCTION("""COMPUTED_VALUE"""),"Jayden Daniels") -> Jayden Daniels | K4: =IFERROR(__xludf.DUMMYFUNCTION("""COMPUTED_VALUE"""),"Marvin Harrison Jr.") -> Marvin Harrison Jr. | L4: =IFERROR(__xludf.DUMMYFUNCTION("""COMPUTED_VALUE"""),"DJ Moore") -> DJ Moore | M4: =IFERROR(__xludf.DUMMYFUNCTION("""COMPUTED_VALUE"""),"Trey McBride") -> Trey McBride | N4: =IFERROR(__xludf.DUMMYFUNCTION("""COMPUTED_VALUE"""),"Jalen Hurts") -> Jalen Hurts | O4: =IFERROR(__xludf.DUMMYFUNCTION("""COMPUTED_VALUE"""),"Calvin Ridley") -> Calvin Ridley | P4: =IFERROR(__xludf.DUMMYFUNCTION("""COMPUTED_VALUE"""),"George Kittle") -> George Kittle | Q4: =IFERROR(__xludf.DUMMYFUNCTION("""COMPUTED_VALUE"""),"D'Andre Swift") -> D'Andre Swift | R4: =IFERROR(__xludf.DUMMYFUNCTION("""COMPUTED_VALUE"""),"Tony Pollard") -> Tony Pollard | S4: =IFERROR(__xludf.DUMMYFUNCTION("""COMPUTED_VALUE"""),"DK Metcalf") -> DK Metcalf | T4: =IFERROR(__xludf.DUMMYFUNCTION("""COMPUTED_VALUE"""),"Rhamondre Stevenson") -> Rhamondre Stevenson | U4: =IFERROR(__xludf.DUMMYFUNCTION("""COMPUTED_VALUE"""),"DeVonta Smith") -> DeVonta Smith | V4: =IFERROR(__xludf.DUMMYFUNCTION("""COMPUTED_VALUE"""),"Aaron Jones Sr.") -> Aaron Jones Sr. | W4: =IFERROR(__xludf.DUMMYFUNCTION("""COMPUTED_VALUE"""),"Courtland Sutton") -> Courtland Sutton | X4: =IFERROR(__xludf.DUMMYFUNCTION("""COMPUTED_VALUE"""),"Jerry Jeudy") -> Jerry Jeudy | Y4: =IFERROR(__xludf.DUMMYFUNCTION("""COMPUTED_VALUE"""),"Isiah Pacheco") -> Isiah Pacheco | Z4: =IFERROR(__xludf.DUMMYFUNCTION("""COMPUTED_VALUE"""),"Joe Burrow") -> Joe Burrow
A5: Aaron Rodgers | B5: PIT | C5: QB28 | D5: =IF(LEFT(C5,3)="DST","DEF",IF(LEFT(C5,1)="K","K",LEFT(C5,2))) -> QB | F5: 4 | G5: =IFERROR(__xludf.DUMMYFUNCTION("FILTER(IMPORTRANGE(""https://docs.google.com/spreadsheets/d/12GwvVQuA_g69mcvi0j1i_hvHTfUoMJzE/edit?gid=1131453096#gid=1131453096"",""'Draft Board'!D13:CX13""), IMPORTRANGE(""https://docs.google.com/spreadsheets/d/12GwvVQuA_g69mcvi0j1i_hvHTfUoMJzE/edit?gid"&"=1131453096#gid=1131453096"",""'Draft Board'!D13:CX13"")<>"""")"),"David Njoku") -> David Njoku | H5: =IFERROR(__xludf.DUMMYFUNCTION("""COMPUTED_VALUE"""),"Rome Odunze") -> Rome Odunze | I5: =IFERROR(__xludf.DUMMYFUNCTION("""COMPUTED_VALUE"""),"Jakobi Meyers") -> Jakobi Meyers | J5: =IFERROR(__xludf.DUMMYFUNCTION("""COMPUTED_VALUE"""),"Tucker Kraft") -> Tucker Kraft | K5: =IFERROR(__xludf.DUMMYFUNCTION("""COMPUTED_VALUE"""),"George Pickens") -> George Pickens | L5: =IFERROR(__xludf.DUMMYFUNCTION("""COMPUTED_VALUE"""),"Travis Etienne Jr.") -> Travis Etienne Jr. | M5: =IFERROR(__xludf.DUMMYFUNCTION("""COMPUTED_VALUE"""),"Xavier Worthy") -> Xavier Worthy | N5: =IFERROR(__xludf.DUMMYFUNCTION("""COMPUTED_VALUE"""),"Jaylen Warren") -> Jaylen Warren | O5: =IFERROR(__xludf.DUMMYFUNCTION("""COMPUTED_VALUE"""),"Javonte Williams") -> Javonte Williams | P5: =IFERROR(__xludf.DUMMYFUNCTION("""COMPUTED_VALUE"""),"Travis Hunter") -> Travis Hunter | Q5: =IFERROR(__xludf.DUMMYFUNCTION("""COMPUTED_VALUE"""),"T.J. Hockenson") -> T.J. Hockenson | R5: =IFERROR(__xludf.DUMMYFUNCTION("""COMPUTED_VALUE"""),"Chris Olave") -> Chris Olave | S5: =IFERROR(__xludf.DUMMYFUNCTION("""COMPUTED_VALUE"""),"Jaylen Waddle") -> Jaylen Waddle | T5: =IFERROR(__xludf.DUMMYFUNCTION("""COMPUTED_VALUE"""),"Mark Andrews") -> Mark Andrews | U5: =IFERROR(__xludf.DUMMYFUNCTION("""COMPUTED_VALUE"""),"Tyrone Tracy Jr.") -> Tyrone Tracy Jr. | V5: =IFERROR(__xludf.DUMMYFUNCTION("""COMPUTED_VALUE"""),"Travis Kelce") -> Travis Kelce | W5: =IFERROR(__xludf.DUMMYFUNCTION("""COMPUTED_VALUE"""),"Zay Flowers") -> Zay Flowers | X5: =IFERROR(__xludf.DUMMYFUNCTION("""COMPUTED_VALUE"""),"Sam LaPorta") -> Sam LaPorta | Y5: =IFERROR(__xludf.DUMMYFUNCTION("""COMPUTED_VALUE"""),"Tetairoa McMillan") -> Tetairoa McMillan | Z5: =IFERROR(__xludf.DUMMYFUNCTION("""COMPUTED_VALUE"""),"Kaleb Johnson") -> Kaleb Johnson
A6: Adam Thielen | B6: CAR | C6: WR63 | D6: =IF(LEFT(C6,3)="DST","DEF",IF(LEFT(C6,1)="K","K",LEFT(C6,2))) -> WR | F6: 5 | G6: =IFERROR(__xludf.DUMMYFUNCTION("FILTER(IMPORTRANGE(""https://docs.google.com/spreadsheets/d/12GwvVQuA_g69mcvi0j1i_hvHTfUoMJzE/edit?gid=1131453096#gid=1131453096"",""'Draft Board'!D16:CX16""), IMPORTRANGE(""https://docs.google.com/spreadsheets/d/12GwvVQuA_g69mcvi0j1i_hvHTfUoMJzE/edit?gid"&"=1131453096#gid=1131453096"",""'Draft Board'!D16:CX16"")<>"""")"),"Brian Robinson Jr.") -> Brian Robinson Jr. | H6: =IFERROR(__xludf.DUMMYFUNCTION("""COMPUTED_VALUE"""),"Dak Prescott") -> Dak Prescott | I6: =IFERROR(__xludf.DUMMYFUNCTION("""COMPUTED_VALUE"""),"Zach Charbonnet") -> Zach Charbonnet | J6: =IFERROR(__xludf.DUMMYFUNCTION("""COMPUTED_VALUE"""),"Joe Mixon") -> Joe Mixon | K6: =IFERROR(__xludf.DUMMYFUNCTION("""COMPUTED_VALUE"""),"J.K. Dobbins") -> J.K. Dobbins | L6: =IFERROR(__xludf.DUMMYFUNCTION("""COMPUTED_VALUE"""),"Patrick Mahomes II") -> Patrick Mahomes II | M6: =IFERROR(__xludf.DUMMYFUNCTION("""COMPUTED_VALUE"""),"Ricky Pearsall") -> Ricky Pearsall | N6: =IFERROR(__xludf.DUMMYFUNCTION("""COMPUTED_VALUE"""),"Jameson Williams") -> Jameson Williams | O6: =IFERROR(__xludf.DUMMYFUNCTION("""COMPUTED_VALUE"""),"Tyler Warren") -> Tyler Warren | P6: =IFERROR(__xludf.DUMMYFUNCTION("""COMPUTED_VALUE"""),"Jordan Mason") -> Jordan Mason | Q6: =IFERROR(__xludf.DUMMYFUNCTION("""COMPUTED_VALUE"""),"Baker Mayfield") -> Baker Mayfield | R6: =IFERROR(__xludf.DUMMYFUNCTION("""COMPUTED_VALUE"""),"Deebo Samuel Sr.") -> Deebo Samuel Sr. | S6: =IFERROR(__xludf.DUMMYFUNCTION("""COMPUTED_VALUE"""),"Bo Nix") -> Bo Nix | T6: =IFERROR(__xludf.DUMMYFUNCTION("""COMPUTED_VALUE"""),"Chris Godwin") -> Chris Godwin | U6: =IFERROR(__xludf.DUMMYFUNCTION("""COMPUTED_VALUE"""),"Emeka Egbuka") -> Emeka Egbuka | V6: =IFERROR(__xludf.DUMMYFUNCTION("""COMPUTED_VALUE"""),"Rashee Rice") -> Rashee Rice | W6: =IFERROR(__xludf.DUMMYFUNCTION("""COMPUTED_VALUE"""),"Quinshon Judkins") -> Quinshon Judkins | X6: =IFERROR(__xludf.DUMMYFUNCTION("""COMPUTED_VALUE"""),"Matthew Golden") -> Matthew Golden | Y6: =IFERROR(__xludf.DUMMYFUNCTION("""COMPUTED_VALUE"""),"Austin Ekeler") -> Austin Ekeler | Z6: =IFERROR(__xludf.DUMMYFUNCTION("""COMPUTED_VALUE"""),"Stefon Diggs") -> Stefon Diggs
A7: Adam Trautman | B7: DEN | C7: TE73 | D7: =IF(LEFT(C7,3)="DST","DEF",IF(LEFT(C7,1)="K","K",LEFT(C7,2))) -> TE | F7: 6 | G7: =IFERROR(__xludf.DUMMYFUNCTION("FILTER(IMPORTRANGE(""https://docs.google.com/spreadsheets/d/12GwvVQuA_g69mcvi0j1i_hvHTfUoMJzE/edit?gid=1131453096#gid=1131453096"",""'Draft Board'!D19:CX19""), IMPORTRANGE(""https://docs.google.com/spreadsheets/d/12GwvVQuA_g69mcvi0j1i_hvHTfUoMJzE/edit?gid"&"=1131453096#gid=1131453096"",""'Draft Board'!D19:CX19"")<>"""")"),"Brock Purdy") -> Brock Purdy | H7: =IFERROR(__xludf.DUMMYFUNCTION("""COMPUTED_VALUE"""),"Colston Loveland") -> Colston Loveland | I7: =IFERROR(__xludf.DUMMYFUNCTION("""COMPUTED_VALUE"""),"Justin Herbert") -> Justin Herbert | J7: =IFERROR(__xludf.DUMMYFUNCTION("""COMPUTED_VALUE"""),"Jauan Jennings") -> Jauan Jennings | K7: =IFERROR(__xludf.DUMMYFUNCTION("""COMPUTED_VALUE"""),"Jayden Reed") -> Jayden Reed | L7: =IFERROR(__xludf.DUMMYFUNCTION("""COMPUTED_VALUE"""),"Hunter Henry") -> Hunter Henry | M7: =IFERROR(__xludf.DUMMYFUNCTION("""COMPUTED_VALUE"""),"Tyjae Spears") -> Tyjae Spears | N7: =IFERROR(__xludf.DUMMYFUNCTION("""COMPUTED_VALUE"""),"Dallas Goedert") -> Dallas Goedert | O7: =IFERROR(__xludf.DUMMYFUNCTION("""COMPUTED_VALUE"""),"Dalton Kincaid") -> Dalton Kincaid | P7: =IFERROR(__xludf.DUMMYFUNCTION("""COMPUTED_VALUE"""),"Jacory Croskey-Merritt") -> Jacory Croskey-Merritt | Q7: =IFERROR(__xludf.DUMMYFUNCTION("""COMPUTED_VALUE"""),"Khalil Shakir") -> Khalil Shakir | R7: =IFERROR(__xludf.DUMMYFUNCTION("""COMPUTED_VALUE"""),"Najee Harris") -> Najee Harris | S7: =IFERROR(__xludf.DUMMYFUNCTION("""COMPUTED_VALUE"""),"Jake Ferguson") -> Jake Ferguson | T7: =IFERROR(__xludf.DUMMYFUNCTION("""COMPUTED_VALUE"""),"Christian Kirk") -> Christian Kirk | U7: =IFERROR(__xludf.DUMMYFUNCTION("""COMPUTED_VALUE"""),"Jared Goff") -> Jared Goff | V7: =IFERROR(__xludf.DUMMYFUNCTION("""COMPUTED_VALUE"""),"Cam Skattebo") -> Cam Skattebo | W7: =IFERROR(__xludf.DUMMYFUNCTION("""COMPUTED_VALUE"""),"Nick Chubb") -> Nick Chubb | X7: =IFERROR(__xludf.DUMMYFUNCTION("""COMPUTED_VALUE"""),"Jordan Love") -> Jordan Love | Y7: =IFERROR(__xludf.DUMMYFUNCTION("""COMPUTED_VALUE"""),"Kyler Murray") -> Kyler Murray | Z7: =IFERROR(__xludf.DUMMYFUNCTION("""COMPUTED_VALUE"""),"Evan Engram") -> Evan Engram
A8: Adonai Mitchell | B8: IND | C8: WR78 | D8: =IF(LEFT(C8,3)="DST","DEF",IF(LEFT(C8,1)="K","K",LEFT(C8,2))) -> WR | F8: 7 | G8: =IFERROR(__xludf.DUMMYFUNCTION("FILTER(IMPORTRANGE(""https://docs.google.com/spreadsheets/d/12GwvVQuA_g69mcvi0j1i_hvHTfUoMJzE/edit?gid=1131453096#gid=1131453096"",""'Draft Board'!D22:CX22""), IMPORTRANGE(""https://docs.google.com/spreadsheets/d/12GwvVQuA_g69mcvi0j1i_hvHTfUoMJzE/edit?gid"&"=1131453096#gid=1131453096"",""'Draft Board'!D22:CX22"")<>"""")"),"Rachaad White") -> Rachaad White | H8: =IFERROR(__xludf.DUMMYFUNCTION("""COMPUTED_VALUE"""),"Josh Downs") -> Josh Downs | I8: =IFERROR(__xludf.DUMMYFUNCTION("""COMPUTED_VALUE"""),"Jerome Ford") -> Jerome Ford | J8: =IFERROR(__xludf.DUMMYFUNCTION("""COMPUTED_VALUE"""),"Denver Broncos") -> Denver Broncos | K8: =IFERROR(__xludf.DUMMYFUNCTION("""COMPUTED_VALUE"""),"Bhayshul Tuten") -> Bhayshul Tuten | L8: =IFERROR(__xludf.DUMMYFUNCTION("""COMPUTED_VALUE"""),"Tank Bigsby") -> Tank Bigsby | M8: =IFERROR(__xludf.DUMMYFUNCTION("""COMPUTED_VALUE"""),"Cooper Kupp") -> Cooper Kupp | N8: =IFERROR(__xludf.DUMMYFUNCTION("""COMPUTED_VALUE"""),"Jordan Addison") -> Jordan Addison | O8: =IFERROR(__xludf.DUMMYFUNCTION("""COMPUTED_VALUE"""),"Rashod Bateman") -> Rashod Bateman | P8: =IFERROR(__xludf.DUMMYFUNCTION("""COMPUTED_VALUE"""),"Ray Davis") -> Ray Davis | Q8: =IFERROR(__xludf.DUMMYFUNCTION("""COMPUTED_VALUE"""),"Braelon Allen") -> Braelon Allen | R8: =IFERROR(__xludf.DUMMYFUNCTION("""COMPUTED_VALUE"""),"C.J. Stroud") -> C.J. Stroud | S8: =IFERROR(__xludf.DUMMYFUNCTION("""COMPUTED_VALUE"""),"Michael Pittman Jr.") -> Michael Pittman Jr. | T8: =IFERROR(__xludf.DUMMYFUNCTION("""COMPUTED_VALUE"""),"Anthony Richardson Sr.") -> Anthony Richardson Sr. | U8: =IFERROR(__xludf.DUMMYFUNCTION("""COMPUTED_VALUE"""),"Luther Burden III") -> Luther Burden III | V8: =IFERROR(__xludf.DUMMYFUNCTION("""COMPUTED_VALUE"""),"Justin Fields") -> Justin Fields | W8: =IFERROR(__xludf.DUMMYFUNCTION("""COMPUTED_VALUE"""),"Kyle Pitts Sr.") -> Kyle Pitts Sr. | X8: =IFERROR(__xludf.DUMMYFUNCTION("""COMPUTED_VALUE"""),"Wan'Dale Robinson") -> Wan'Dale Robinson | Y8: =IFERROR(__xludf.DUMMYFUNCTION("""COMPUTED_VALUE"""),"Jaydon Blue") -> Jaydon Blue | Z8: =IFERROR(__xludf.DUMMYFUNCTION("""COMPUTED_VALUE"""),"Trey Benson") -> Trey Benson
A9: Aidan O'Connell | B9: LV | C9: QB46 | D9: =IF(LEFT(C9,3)="DST","DEF",IF(LEFT(C9,1)="K","K",LEFT(C9,2))) -> QB | F9: 8 | G9: =IFERROR(__xludf.DUMMYFUNCTION("FILTER(IMPORTRANGE(""https://docs.google.com/spreadsheets/d/12GwvVQuA_g69mcvi0j1i_hvHTfUoMJzE/edit?gid=1131453096#gid=1131453096"",""'Draft Board'!D25:CX25""), IMPORTRANGE(""https://docs.google.com/spreadsheets/d/12GwvVQuA_g69mcvi0j1i_hvHTfUoMJzE/edit?gid"&"=1131453096#gid=1131453096"",""'Draft Board'!D25:CX25"")<>"""")"),"Cedric Tillman") -> Cedric Tillman | H9: =IFERROR(__xludf.DUMMYFUNCTION("""COMPUTED_VALUE"""),"Zach Ertz") -> Zach Ertz | I9: =IFERROR(__xludf.DUMMYFUNCTION("""COMPUTED_VALUE"""),"Jayden Higgins") -> Jayden Higgins | J9: =IFERROR(__xludf.DUMMYFUNCTION("""COMPUTED_VALUE"""),"Dylan Sampson") -> Dylan Sampson | K9: =IFERROR(__xludf.DUMMYFUNCTION("""COMPUTED_VALUE"""),"Brenton Strange") -> Brenton Strange | L9: =IFERROR(__xludf.DUMMYFUNCTION("""COMPUTED_VALUE"""),"Keon Coleman") -> Keon Coleman | M9: =IFERROR(__xludf.DUMMYFUNCTION("""COMPUTED_VALUE"""),"Rico Dowdle") -> Rico Dowdle | N9: =IFERROR(__xludf.DUMMYFUNCTION("""COMPUTED_VALUE"""),"Houston Texans") -> Houston Texans | O9: =IFERROR(__xludf.DUMMYFUNCTION("""COMPUTED_VALUE"""),"Jaylen Wright") -> Jaylen Wright | P9: =IFERROR(__xludf.DUMMYFUNCTION("""COMPUTED_VALUE"""),"Drake Maye") -> Drake Maye | Q9: =IFERROR(__xludf.DUMMYFUNCTION("""COMPUTED_VALUE"""),"Brandon Aiyuk") -> Brandon Aiyuk | R9: =IFERROR(__xludf.DUMMYFUNCTION("""COMPUTED_VALUE"""),"Geno Smith") -> Geno Smith | S9: =IFERROR(__xludf.DUMMYFUNCTION("""COMPUTED_VALUE"""),"Isaac Guerendo") -> Isaac Guerendo | T9: =IFERROR(__xludf.DUMMYFUNCTION("""COMPUTED_VALUE"""),"Tyler Allgeier") -> Tyler Allgeier | U9: =IFERROR(__xludf.DUMMYFUNCTION("""COMPUTED_VALUE"""),"Trevor Lawrence") -> Trevor Lawrence | V9: =IFERROR(__xludf.DUMMYFUNCTION("""COMPUTED_VALUE"""),"Rashid Shaheed") -> Rashid Shaheed | W9: =IFERROR(__xludf.DUMMYFUNCTION("""COMPUTED_VALUE"""),"Caleb Williams") -> Caleb Williams | X9: =IFERROR(__xludf.DUMMYFUNCTION("""COMPUTED_VALUE"""),"Darnell Mooney") -> Darnell Mooney | Y9: =IFERROR(__xludf.DUMMYFUNCTION("""COMPUTED_VALUE"""),"Marvin Mims Jr.") -> Marvin Mims Jr. | Z9: =IFERROR(__xludf.DUMMYFUNCTION("""COMPUTED_VALUE"""),"Philadelphia Eagles") -> Philadelphia Eagles
A10: AJ Barner | B10: SEA | C10: TE44 | D10: =IF(LEFT(C10,3)="DST","DEF",IF(LEFT(C10,1)="K","K",LEFT(C10,2))) -> TE | F10: 9 | G10: =IFERROR(__xludf.DUMMYFUNCTION("FILTER(IMPORTRANGE(""https://docs.google.com/spreadsheets/d/12GwvVQuA_g69mcvi0j1i_hvHTfUoMJzE/edit?gid=1131453096#gid=1131453096"",""'Draft Board'!D28:CX28""), IMPORTRANGE(""https://docs.google.com/spreadsheets/d/12GwvVQuA_g69mcvi0j1i_hvHTfUoMJzE/edit?gid"&"=1131453096#gid=1131453096"",""'Draft Board'!D28:CX28"")<>"""")"),"Roschon Johnson") -> Roschon Johnson | H10: =IFERROR(__xludf.DUMMYFUNCTION("""COMPUTED_VALUE"""),"Baltimore Ravens") -> Baltimore Ravens | I10: =IFERROR(__xludf.DUMMYFUNCTION("""COMPUTED_VALUE"""),"Elijah Arroyo") -> Elijah Arroyo | J10: =IFERROR(__xludf.DUMMYFUNCTION("""COMPUTED_VALUE"""),"Romeo Doubs") -> Romeo Doubs | K10: =IFERROR(__xludf.DUMMYFUNCTION("""COMPUTED_VALUE"""),"Harold Fannin Jr.") -> Harold Fannin Jr. | L10: =IFERROR(__xludf.DUMMYFUNCTION("""COMPUTED_VALUE"""),"J.J. McCarthy") -> J.J. McCarthy | M10: =IFERROR(__xludf.DUMMYFUNCTION("""COMPUTED_VALUE"""),"Joshua Palmer") -> Joshua Palmer | N10: =IFERROR(__xludf.DUMMYFUNCTION("""COMPUTED_VALUE"""),"Blake Corum") -> Blake Corum | O10: =IFERROR(__xludf.DUMMYFUNCTION("""COMPUTED_VALUE"""),"Michael Penix Jr.") -> Michael Penix Jr. | P10: =IFERROR(__xludf.DUMMYFUNCTION("""COMPUTED_VALUE"""),"Cameron Ward") -> Cameron Ward | Q10: =IFERROR(__xludf.DUMMYFUNCTION("""COMPUTED_VALUE"""),"Minnesota Vikings") -> Minnesota Vikings | R10: =IFERROR(__xludf.DUMMYFUNCTION("""COMPUTED_VALUE"""),"Mike Gesicki") -> Mike Gesicki | S10: =IFERROR(__xludf.DUMMYFUNCTION("""COMPUTED_VALUE"""),"Marquise Brown") -> Marquise Brown | T10: =IFERROR(__xludf.DUMMYFUNCTION("""COMPUTED_VALUE"""),"Bryce Young") -> Bryce Young | U10: =IFERROR(__xludf.DUMMYFUNCTION("""COMPUTED_VALUE"""),"Luke Musgrave") -> Luke Musgrave | V10: =IFERROR(__xludf.DUMMYFUNCTION("""COMPUTED_VALUE"""),"Jonnu Smith") -> Jonnu Smith | W10: =IFERROR(__xludf.DUMMYFUNCTION("""COMPUTED_VALUE"""),"DJ Giddens") -> DJ Giddens | X10: =IFERROR(__xludf.DUMMYFUNCTION("""COMPUTED_VALUE"""),"Sam Darnold") -> Sam Darnold | Y10: =IFERROR(__xludf.DUMMYFUNCTION("""COMPUTED_VALUE"""),"Tua Tagovailoa") -> Tua Tagovailoa | Z10: =IFERROR(__xludf.DUMMYFUNCTION("""COMPUTED_VALUE"""),"Adam Thielen") -> Adam Thielen
A11: Alec Ingold | B11: MIA | C11: RB120 | D11: =IF(LEFT(C11,3)="DST","DEF",IF(LEFT(C11,1)="K","K",LEFT(C11,2))) -> RB | F11: 10 | G11: =IFERROR(__xludf.DUMMYFUNCTION("FILTER(IMPORTRANGE(""https://docs.google.com/spreadsheets/d/12GwvVQuA_g69mcvi0j1i_hvHTfUoMJzE/edit?gid=1131453096#gid=1131453096"",""'Draft Board'!D31:CX31""), IMPORTRANGE(""https://docs.google.com/spreadsheets/d/12GwvVQuA_g69mcvi0j1i_hvHTfUoMJzE/edit?gid"&"=1131453096#gid=1131453096"",""'Draft Board'!D31:CX31"")<>"""")"),"Quentin Johnston") -> Quentin Johnston | H11: =IFERROR(__xludf.DUMMYFUNCTION("""COMPUTED_VALUE"""),"Jaxson Dart") -> Jaxson Dart | I11: =IFERROR(__xludf.DUMMYFUNCTION("""COMPUTED_VALUE"""),"Tyler Shough") -> Tyler Shough | J11: =IFERROR(__xludf.DUMMYFUNCTION("""COMPUTED_VALUE"""),"Joe Flacco") -> Joe Flacco | K11: =IFERROR(__xludf.DUMMYFUNCTION("""COMPUTED_VALUE"""),"Kansas City Chiefs") -> Kansas City Chiefs | L11: =IFERROR(__xludf.DUMMYFUNCTION("""COMPUTED_VALUE"""),"Daniel Jones") -> Daniel Jones | M11: =IFERROR(__xludf.DUMMYFUNCTION("""COMPUTED_VALUE"""),"Russell Wilson") -> Russell Wilson | N11: =IFERROR(__xludf.DUMMYFUNCTION("""COMPUTED_VALUE"""),"Xavier Legette") -> Xavier Legette | O11: =IFERROR(__xludf.DUMMYFUNCTION("""COMPUTED_VALUE"""),"Woody Marks") -> Woody Marks | P11: =IFERROR(__xludf.DUMMYFUNCTION("""COMPUTED_VALUE"""),"Pittsburgh Steelers") -> Pittsburgh Steelers | Q11: =IFERROR(__xludf.DUMMYFUNCTION("""COMPUTED_VALUE"""),"Brandon Aubrey") -> Brandon Aubrey | R11: =IFERROR(__xludf.DUMMYFUNCTION("""COMPUTED_VALUE"""),"Kareem Hunt") -> Kareem Hunt | S11: =IFERROR(__xludf.DUMMYFUNCTION("""COMPUTED_VALUE"""),"Chig Okonkwo") -> Chig Okonkwo | T11: =IFERROR(__xludf.DUMMYFUNCTION("""COMPUTED_VALUE"""),"Kyle Williams") -> Kyle Williams | U11: =IFERROR(__xludf.DUMMYFUNCTION("""COMPUTED_VALUE"""),"Tre' Harris") -> Tre' Harris | V11: =IFERROR(__xludf.DUMMYFUNCTION("""COMPUTED_VALUE"""),"MarShawn Lloyd") -> MarShawn Lloyd | W11: =IFERROR(__xludf.DUMMYFUNCTION("""COMPUTED_VALUE"""),"Aaron Rodgers") -> Aaron Rodgers | X11: =IFERROR(__xludf.DUMMYFUNCTION("""COMPUTED_VALUE"""),"DeMario Douglas") -> DeMario Douglas | Y11: =IFERROR(__xludf.DUMMYFUNCTION("""COMPUTED_VALUE"""),"Keenan Allen") -> Keenan Allen | Z11: =IFERROR(__xludf.DUMMYFUNCTION("""COMPUTED_VALUE"""),"Matthew Stafford") -> Matthew Stafford
A12: Alec Pierce | B12: IND | C12: WR75 | D12: =IF(LEFT(C12,3)="DST","DEF",IF(LEFT(C12,1)="K","K",LEFT(C12,2))) -> WR | F12: 11 | G12: =IFERROR(__xludf.DUMMYFUNCTION("FILTER(IMPORTRANGE(""https://docs.google.com/spreadsheets/d/12GwvVQuA_g69mcvi0j1i_hvHTfUoMJzE/edit?gid=1131453096#gid=1131453096"",""'Draft Board'!D34:CX34""), IMPORTRANGE(""https://docs.google.com/spreadsheets/d/12GwvVQuA_g69mcvi0j1i_hvHTfUoMJzE/edit?gid"&"=1131453096#gid=1131453096"",""'Draft Board'!D34:CX34"")<>"""")"),"Cameron Dicker") -> Cameron Dicker | H12: =IFERROR(__xludf.DUMMYFUNCTION("""COMPUTED_VALUE"""),"Will Shipley") -> Will Shipley | I12: =IFERROR(__xludf.DUMMYFUNCTION("""COMPUTED_VALUE"""),"Mason Taylor") -> Mason Taylor | J12: =IFERROR(__xludf.DUMMYFUNCTION("""COMPUTED_VALUE"""),"Pat Freiermuth") -> Pat Freiermuth | K12: =IFERROR(__xludf.DUMMYFUNCTION("""COMPUTED_VALUE"""),"Chris Rodriguez Jr.") -> Chris Rodriguez Jr. | L12: =IFERROR(__xludf.DUMMYFUNCTION("""COMPUTED_VALUE"""),"Jalen McMillan") -> Jalen McMillan | M12: =IFERROR(__xludf.DUMMYFUNCTION("""COMPUTED_VALUE"""),"Washington Commanders") -> Washington Commanders | N12: =IFERROR(__xludf.DUMMYFUNCTION("""COMPUTED_VALUE"""),"Shedeur Sanders") -> Shedeur Sanders | O12: =IFERROR(__xludf.DUMMYFUNCTION("""COMPUTED_VALUE"""),"Jack Bech") -> Jack Bech | P12: =IFERROR(__xludf.DUMMYFUNCTION("""COMPUTED_VALUE"""),"Isaiah Likely") -> Isaiah Likely | Q12: =IFERROR(__xludf.DUMMYFUNCTION("""COMPUTED_VALUE"""),"Justice Hill") -> Justice Hill | R12: =IFERROR(__xludf.DUMMYFUNCTION("""COMPUTED_VALUE"""),"Michael Wilson") -> Michael Wilson | S12: =IFERROR(__xludf.DUMMYFUNCTION("""COMPUTED_VALUE"""),"Jake Bates") -> Jake Bates | T12: =IFERROR(__xludf.DUMMYFUNCTION("""COMPUTED_VALUE"""),"Cade Otton") -> Cade Otton | U12: =IFERROR(__xludf.DUMMYFUNCTION("""COMPUTED_VALUE"""),"Amari Cooper") -> Amari Cooper | V12: =IFERROR(__xludf.DUMMYFUNCTION("""COMPUTED_VALUE"""),"Detroit Lions") -> Detroit Lions | W12: =IFERROR(__xludf.DUMMYFUNCTION("""COMPUTED_VALUE"""),"Darren Waller") -> Darren Waller | X12: =IFERROR(__xludf.DUMMYFUNCTION("""COMPUTED_VALUE"""),"Buffalo Bills") -> Buffalo Bills | Y12: =IFERROR(__xludf.DUMMYFUNCTION("""COMPUTED_VALUE"""),"Keaton Mitchell") -> Keaton Mitchell | Z12: =IFERROR(__xludf.DUMMYFUNCTION("""COMPUTED_VALUE"""),"Dalton Schultz") -> Dalton Schultz
A13: Allen Lazard | B13: NYJ | C13: WR128 | D13: =IF(LEFT(C13,3)="DST","DEF",IF(LEFT(C13,1)="K","K",LEFT(C13,2))) -> WR | F13: 12 | G13: =IFERROR(__xludf.DUMMYFUNCTION("FILTER(IMPORTRANGE(""https://docs.google.com/spreadsheets/d/12GwvVQuA_g69mcvi0j1i_hvHTfUoMJzE/edit?gid=1131453096#gid=1131453096"",""'Draft Board'!D37:CX37""), IMPORTRANGE(""https://docs.google.com/spreadsheets/d/12GwvVQuA_g69mcvi0j1i_hvHTfUoMJzE/edit?gid"&"=1131453096#gid=1131453096"",""'Draft Board'!D37:CX37"")<>"""")"),"Seattle Seahawks") -> Seattle Seahawks | H13: =IFERROR(__xludf.DUMMYFUNCTION("""COMPUTED_VALUE"""),"Antonio Gibson") -> Antonio Gibson | I13: =IFERROR(__xludf.DUMMYFUNCTION("""COMPUTED_VALUE"""),"Los Angeles Chargers") -> Los Angeles Chargers | J13: =IFERROR(__xludf.DUMMYFUNCTION("""COMPUTED_VALUE"""),"Tahj Brooks") -> Tahj Brooks | K13: =IFERROR(__xludf.DUMMYFUNCTION("""COMPUTED_VALUE"""),"Jalen Coker") -> Jalen Coker | L13: =IFERROR(__xludf.DUMMYFUNCTION("""COMPUTED_VALUE"""),"Kendre Miller") -> Kendre Miller | M13: =IFERROR(__xludf.DUMMYFUNCTION("""COMPUTED_VALUE"""),"Brandin Cooks") -> Brandin Cooks | N13: =IFERROR(__xludf.DUMMYFUNCTION("""COMPUTED_VALUE"""),"Ka'imi Fairbairn") -> Ka'imi Fairbairn | O13: =IFERROR(__xludf.DUMMYFUNCTION("""COMPUTED_VALUE"""),"Cade Stover") -> Cade Stover | P13: =IFERROR(__xludf.DUMMYFUNCTION("""COMPUTED_VALUE"""),"Kyle Monangai") -> Kyle Monangai | Q13: =IFERROR(__xludf.DUMMYFUNCTION("""COMPUTED_VALUE"""),"DeAndre Hopkins") -> DeAndre Hopkins | R13: =IFERROR(__xludf.DUMMYFUNCTION("""COMPUTED_VALUE"""),"Ja'Tavion Sanders") -> Ja'Tavion Sanders | S13: =IFERROR(__xludf.DUMMYFUNCTION("""COMPUTED_VALUE"""),"Jalen Milroe") -> Jalen Milroe | T13: =IFERROR(__xludf.DUMMYFUNCTION("""COMPUTED_VALUE"""),"Jason Sanders") -> Jason Sanders | U13: =IFERROR(__xludf.DUMMYFUNCTION("""COMPUTED_VALUE"""),"Green Bay Packers") -> Green Bay Packers | V13: =IFERROR(__xludf.DUMMYFUNCTION("""COMPUTED_VALUE"""),"Spencer Rattler") -> Spencer Rattler | W13: =IFERROR(__xludf.DUMMYFUNCTION("""COMPUTED_VALUE"""),"Ollie Gordon II") -> Ollie Gordon II | X13: =IFERROR(__xludf.DUMMYFUNCTION("""COMPUTED_VALUE"""),"Chase McLaughlin") -> Chase McLaughlin | Y13: =IFERROR(__xludf.DUMMYFUNCTION("""COMPUTED_VALUE"""),"Los Angeles Rams") -> Los Angeles Rams | Z13: =IFERROR(__xludf.DUMMYFUNCTION("""COMPUTED_VALUE"""),"Wil Lutz") -> Wil Lutz
A14: Alvin Kamara | B14: NO | C14: RB13 | D14: =IF(LEFT(C14,3)="DST","DEF",IF(LEFT(C14,1)="K","K",LEFT(C14,2))) -> RB | F14: 13 | G14: =IFERROR(__xludf.DUMMYFUNCTION("FILTER(IMPORTRANGE(""https://docs.google.com/spreadsheets/d/12GwvVQuA_g69mcvi0j1i_hvHTfUoMJzE/edit?gid=1131453096#gid=1131453096"",""'Draft Board'!D40:CX40""), IMPORTRANGE(""https://docs.google.com/spreadsheets/d/12GwvVQuA_g69mcvi0j1i_hvHTfUoMJzE/edit?gid"&"=1131453096#gid=1131453096"",""'Draft Board'!D40:CX40"")<>"""")"),"Kirk Cousins") -> Kirk Cousins | H14: =IFERROR(__xludf.DUMMYFUNCTION("""COMPUTED_VALUE"""),"Dallas Cowboys") -> Dallas Cowboys | I14: =IFERROR(__xludf.DUMMYFUNCTION("""COMPUTED_VALUE"""),"Alec Pierce") -> Alec Pierce | J14: =IFERROR(__xludf.DUMMYFUNCTION("""COMPUTED_VALUE"""),"Darius Slayton") -> Darius Slayton | K14: =IFERROR(__xludf.DUMMYFUNCTION("""COMPUTED_VALUE"""),"Adonai Mitchell") -> Adonai Mitchell | L14: =IFERROR(__xludf.DUMMYFUNCTION("""COMPUTED_VALUE"""),"Juwan Johnson") -> Juwan Johnson | M14: =IFERROR(__xludf.DUMMYFUNCTION("""COMPUTED_VALUE"""),"Cole Kmet") -> Cole Kmet | N14: =IFERROR(__xludf.DUMMYFUNCTION("""COMPUTED_VALUE"""),"Jaleel McLaughlin") -> Jaleel McLaughlin | O14: =IFERROR(__xludf.DUMMYFUNCTION("""COMPUTED_VALUE"""),"Gardner Minshew II") -> Gardner Minshew II | P14: =IFERROR(__xludf.DUMMYFUNCTION("""COMPUTED_VALUE"""),"Elic Ayomanor") -> Elic Ayomanor | Q14: =IFERROR(__xludf.DUMMYFUNCTION("""COMPUTED_VALUE"""),"Jameis Winston") -> Jameis Winston | R14: =IFERROR(__xludf.DUMMYFUNCTION("""COMPUTED_VALUE"""),"Chris Boswell") -> Chris Boswell | S14: =IFERROR(__xludf.DUMMYFUNCTION("""COMPUTED_VALUE"""),"San Francisco 49ers") -> San Francisco 49ers | T14: =IFERROR(__xludf.DUMMYFUNCTION("""COMPUTED_VALUE"""),"Arizona Cardinals") -> Arizona Cardinals | U14: =IFERROR(__xludf.DUMMYFUNCTION("""COMPUTED_VALUE"""),"Jarquez Hunter") -> Jarquez Hunter | V14: =IFERROR(__xludf.DUMMYFUNCTION("""COMPUTED_VALUE"""),"Younghoe Koo") -> Younghoe Koo | W14: =IFERROR(__xludf.DUMMYFUNCTION("""COMPUTED_VALUE"""),"Tampa Bay Buccaneers") -> Tampa Bay Buccaneers | X14: =IFERROR(__xludf.DUMMYFUNCTION("""COMPUTED_VALUE"""),"Noah Gray") -> Noah Gray | Y14: =IFERROR(__xludf.DUMMYFUNCTION("""COMPUTED_VALUE"""),"Tyler Lockett") -> Tyler Lockett | Z14: =IFERROR(__xludf.DUMMYFUNCTION("""COMPUTED_VALUE"""),"Dontayvion Wicks") -> Dontayvion Wicks
A15: Amari Cooper | B15: FA | C15: WR104 | D15: =IF(LEFT(C15,3)="DST","DEF",IF(LEFT(C15,1)="K","K",LEFT(C15,2))) -> WR | F15: 14 | G15: =IFERROR(__xludf.DUMMYFUNCTION("FILTER(IMPORTRANGE(""https://docs.google.com/spreadsheets/d/12GwvVQuA_g69mcvi0j1i_hvHTfUoMJzE/edit?gid=1131453096#gid=1131453096"",""'Draft Board'!D43:CX43""), IMPORTRANGE(""https://docs.google.com/spreadsheets/d/12GwvVQuA_g69mcvi0j1i_hvHTfUoMJzE/edit?gid"&"=1131453096#gid=1131453096"",""'Draft Board'!D43:CX43"")<>"""")"),"Theo Johnson") -> Theo Johnson | H15: =IFERROR(__xludf.DUMMYFUNCTION("""COMPUTED_VALUE"""),"Jake Elliott") -> Jake Elliott | I15: =IFERROR(__xludf.DUMMYFUNCTION("""COMPUTED_VALUE"""),"Chicago Bears") -> Chicago Bears | J15: =IFERROR(__xludf.DUMMYFUNCTION("""COMPUTED_VALUE"""),"Dyami Brown") -> Dyami Brown | K15: =IFERROR(__xludf.DUMMYFUNCTION("""COMPUTED_VALUE"""),"Tyler Bass") -> Tyler Bass | L15: =IFERROR(__xludf.DUMMYFUNCTION("""COMPUTED_VALUE"""),"New York Jets") -> New York Jets | M15: =IFERROR(__xludf.DUMMYFUNCTION("""COMPUTED_VALUE"""),"Dameon Pierce") -> Dameon Pierce | N15: =IFERROR(__xludf.DUMMYFUNCTION("""COMPUTED_VALUE"""),"Pat Bryant") -> Pat Bryant | O15: =IFERROR(__xludf.DUMMYFUNCTION("""COMPUTED_VALUE"""),"Tyler Loop") -> Tyler Loop | P15: =IFERROR(__xludf.DUMMYFUNCTION("""COMPUTED_VALUE"""),"Jalen Royals") -> Jalen Royals | Q15: =IFERROR(__xludf.DUMMYFUNCTION("""COMPUTED_VALUE"""),"Devin Neal") -> Devin Neal | R15: =IFERROR(__xludf.DUMMYFUNCTION("""COMPUTED_VALUE"""),"Noah Fant") -> Noah Fant | S15: =IFERROR(__xludf.DUMMYFUNCTION("""COMPUTED_VALUE"""),"Calvin Austin III") -> Calvin Austin III | T15: =IFERROR(__xludf.DUMMYFUNCTION("""COMPUTED_VALUE"""),"Matt Gay") -> Matt Gay | U15: =IFERROR(__xludf.DUMMYFUNCTION("""COMPUTED_VALUE"""),"Evan McPherson") -> Evan McPherson | V15: =IFERROR(__xludf.DUMMYFUNCTION("""COMPUTED_VALUE"""),"Andrei Iosivas") -> Andrei Iosivas | W15: =IFERROR(__xludf.DUMMYFUNCTION("""COMPUTED_VALUE"""),"Jaylin Noel") -> Jaylin Noel | X15: =IFERROR(__xludf.DUMMYFUNCTION("""COMPUTED_VALUE"""),"Raheem Mostert") -> Raheem Mostert | Y15: =IFERROR(__xludf.DUMMYFUNCTION("""COMPUTED_VALUE"""),"Harrison Butker") -> Harrison Butker | Z15: =IFERROR(__xludf.DUMMYFUNCTION("""COMPUTED_VALUE"""),"Brashard Smith") -> Brashard Smith
A16: Amon-Ra St. Brown | B16: DET | C16: WR5 | D16: =IF(LEFT(C16,3)="DST","DEF",IF(LEFT(C16,1)="K","K",LEFT(C16,2))) -> WR | F16: 15 | G16: =IFERROR(__xludf.DUMMYFUNCTION("FILTER(IMPORTRANGE(""https://docs.google.com/spreadsheets/d/12GwvVQuA_g69mcvi0j1i_hvHTfUoMJzE/edit?gid=1131453096#gid=1131453096"",""'Draft Board'!D46:CX46""), IMPORTRANGE(""https://docs.google.com/spreadsheets/d/12GwvVQuA_g69mcvi0j1i_hvHTfUoMJzE/edit?gid"&"=1131453096#gid=1131453096"",""'Draft Board'!D46:CX46"")<>"""")"),"Diontae Johnson") -> Diontae Johnson | H16: =IFERROR(__xludf.DUMMYFUNCTION("""COMPUTED_VALUE"""),"Jalen Nailor") -> Jalen Nailor | I16: =IFERROR(__xludf.DUMMYFUNCTION("""COMPUTED_VALUE"""),"Will Reichard") -> Will Reichard | J16: =IFERROR(__xludf.DUMMYFUNCTION("""COMPUTED_VALUE"""),"Joshua Karty") -> Joshua Karty | K16: =IFERROR(__xludf.DUMMYFUNCTION("""COMPUTED_VALUE"""),"New England Patriots") -> New England Patriots | L16: =IFERROR(__xludf.DUMMYFUNCTION("""COMPUTED_VALUE"""),"Daniel Carlson") -> Daniel Carlson | M16: =IFERROR(__xludf.DUMMYFUNCTION("""COMPUTED_VALUE"""),"Cairo Santos") -> Cairo Santos | N16: =IFERROR(__xludf.DUMMYFUNCTION("""COMPUTED_VALUE"""),"Elijah Mitchell") -> Elijah Mitchell | O16: =IFERROR(__xludf.DUMMYFUNCTION("""COMPUTED_VALUE"""),"Atlanta Falcons") -> Atlanta Falcons | P16: =IFERROR(__xludf.DUMMYFUNCTION("""COMPUTED_VALUE"""),"Brandon McManus") -> Brandon McManus | Q16: =IFERROR(__xludf.DUMMYFUNCTION("""COMPUTED_VALUE"""),"Devaughn Vele") -> Devaughn Vele | R16: =IFERROR(__xludf.DUMMYFUNCTION("""COMPUTED_VALUE"""),"New York Giants") -> New York Giants | S16: =IFERROR(__xludf.DUMMYFUNCTION("""COMPUTED_VALUE"""),"Sean Tucker") -> Sean Tucker | T16: =IFERROR(__xludf.DUMMYFUNCTION("""COMPUTED_VALUE"""),"Indianapolis Colts") -> Indianapolis Colts | U16: =IFERROR(__xludf.DUMMYFUNCTION("""COMPUTED_VALUE"""),"Cleveland Browns") -> Cleveland Browns | V16: =IFERROR(__xludf.DUMMYFUNCTION("""COMPUTED_VALUE"""),"Ty Johnson") -> Ty Johnson | W16: =IFERROR(__xludf.DUMMYFUNCTION("""COMPUTED_VALUE"""),"Cam Little") -> Cam Little | X16: =IFERROR(__xludf.DUMMYFUNCTION("""COMPUTED_VALUE"""),"Trevor Etienne") -> Trevor Etienne | Y16: =IFERROR(__xludf.DUMMYFUNCTION("""COMPUTED_VALUE"""),"Roman Wilson") -> Roman Wilson | Z16: =IFERROR(__xludf.DUMMYFUNCTION("""COMPUTED_VALUE"""),"Jalen Tolbert") -> Jalen Tolbert
A17: Andrei Iosivas | B17: CIN | C17: WR82 | D17: =IF(LEFT(C17,3)="DST","DEF",IF(LEFT(C17,1)="K","K",LEFT(C17,2))) -> WR
A18: Andy Dalton | B18: CAR | C18: QB56 | D18: =IF(LEFT(C18,3)="DST","DEF",IF(LEFT(C18,1)="K","K",LEFT(C18,2))) -> QB
A19: Anthony Richardson Sr. | B19: IND | C19: QB29 | D19: =IF(LEFT(C19,3)="DST","DEF",IF(LEFT(C19,1)="K","K",LEFT(C19,2))) -> QB
A20: Antonio Gibson | B20: NE | C20: RB78 | D20: =IF(LEFT(C20,3)="DST","DEF",IF(LEFT(C20,1)="K","K",LEFT(C20,2))) -> RB
A21: Antwane Wells Jr. | B21: NYG | C21: WR139 | D21: =IF(LEFT(C21,3)="DST","DEF",IF(LEFT(C21,1)="K","K",LEFT(C21,2))) -> WR
A22: Arian Smith | B22: NYJ | C22: WR142 | D22: =IF(LEFT(C22,3)="DST","DEF",IF(LEFT(C22,1)="K","K",LEFT(C22,2))) -> WR
A23: Arizona Cardinals | B23: ARI | C23: DST21 | D23: =IF(LEFT(C23,3)="DST","DEF",IF(LEFT(C23,1)="K","K",LEFT(C23,2))) -> DEF
A24: Ashton Jeanty | B24: LV | C24: RB6 | D24: =IF(LEFT(C24,3)="DST","DEF",IF(LEFT(C24,1)="K","K",LEFT(C24,2))) -> RB
A25: Atlanta Falcons | B25: ATL | C25: DST25 | D25: =IF(LEFT(C25,3)="DST","DEF",IF(LEFT(C25,1)="K","K",LEFT(C25,2))) -> DEF
A26: Audric Estime | B26: DEN | C26: RB83 | D26: =IF(LEFT(C26,3)="DST","DEF",IF(LEFT(C26,1)="K","K",LEFT(C26,2))) -> RB
A27: Austin Ekeler | B27: WAS | C27: RB44 | D27: =IF(LEFT(C27,3)="DST","DEF",IF(LEFT(C27,1)="K","K",LEFT(C27,2))) -> RB
A28: Austin Hooper | B28: NE | C28: TE48 | D28: =IF(LEFT(C28,3)="DST","DEF",IF(LEFT(C28,1)="K","K",LEFT(C28,2))) -> TE
... A486: Zay Jones | B486: ARI | C486: WR137 | D486: =IF(LEFT(C486,3)="DST","DEF",IF(LEFT(C486,1)="K","K",LEFT(C486,2))) -> WR
D487: =IF(LEFT(C487,3)="DST","DEF",IF(LEFT(C487,1)="K","K",LEFT(C487,2)))
D488: =IF(LEFT(C488,3)="DST","DEF",IF(LEFT(C488,1)="K","K",LEFT(C488,2)))
D489: =IF(LEFT(C489,3)="DST","DEF",IF(LEFT(C489,1)="K","K",LEFT(C489,2)))
D490: =IF(LEFT(C490,3)="DST","DEF",IF(LEFT(C490,1)="K","K",LEFT(C490,2)))
D491: =IF(LEFT(C491,3)="DST","DEF",IF(LEFT(C491,1)="K","K",LEFT(C491,2)))
D492: =IF(LEFT(C492,3)="DST","DEF",IF(LEFT(C492,1)="K","K",LEFT(C492,2)))
D493: =IF(LEFT(C493,3)="DST","DEF",IF(LEFT(C493,1)="K","K",LEFT(C493,2)))
D494: =IF(LEFT(C494,3)="DST","DEF",IF(LEFT(C494,1)="K","K",LEFT(C494,2)))
D495: =IF(LEFT(C495,3)="DST","DEF",IF(LEFT(C495,1)="K","K",LEFT(C495,2)))
D496: =IF(LEFT(C496,3)="DST","DEF",IF(LEFT(C496,1)="K","K",LEFT(C496,2)))
D497: =IF(LEFT(C497,3)="DST","DEF",IF(LEFT(C497,1)="K","K",LEFT(C497,2)))
D498: =IF(LEFT(C498,3)="DST","DEF",IF(LEFT(C498,1)="K","K",LEFT(C498,2)))
... D517: =IF(LEFT(C517,3)="DST","DEF",IF(LEFT(C517,1)="K","K",LEFT(C517,2)))

Sheet 1. Wiesbaden Phantoms
B1: Team-Name: Wiesbaden Phantoms
N2: (Die gezeigte Auswahl stellt ein Beispiel dar!)
B3: Running Back | C3: (Team) | D3: Wide Receiver | E3: (Team) | F3: Tight End | G3: (Team) | H3: Quarterback | I3: (Team) | J3: Kicker | K3: (Team) | L3: Defense | N3: Draft Reihenfolge (Positions)
A4: 1 | B4: Bijan Robinson | C4: ATL | D4: Ja'Marr Chase | E4: CIN | F4: George Kittle | G4: SF | H4: Josh Allen | I4: BUF | J4: Brandon Aubrey | K4: DAL | L4: Philadelphia Eagles | N4: 1. Runde | O4: WR
A5: 2 | B5: Jahmyr Gibbs | C5: DET | D5: CeeDee Lamb | E5: DAL | F5: Trey McBride | G5: ARI | H5: Patrick Mahomes II | I5: KC | J5: Cameron Dicker | K5: LAC | L5: Denver Broncos | N5: 2. Runde | O5: RB
A6: 3 | B6: Saquon Barkley | C6: PHI | D6: Tyreek Hill | E6: MIA | F6: Brock Bowers | G6: LV | H6: Lamar Jackson | I6: BAL | J6: Jake Bates | K6: DET | L6: Pittsburgh Steelers | N6: 3. Runde | O6: WR
A7: 4 | B7: Christian McCaffrey | C7: SF | D7: Justin Jefferson | E7: MIN | F7: Sam LaPorta | G7: DET | H7: Jayden Daniels | I7: WAS | J7: Will Lutz | K7: DEN | L7: Baltimore Ravens | N7: 4. Runde | O7: TE
A8: 5 | B8: Derrick Henry | C8: BAL | D8: Amon-Ra St. Brown | E8: DET | F8: Travis Kelce | G8: KC | H8: Jalen Hurts | I8: PHI | J8: Chase McLaughlin | K8: TB | L8: Minnesota Vikings | N8: 5. Runde | O8: RB
A9: 6 | B9: James Cook | C9: BUF | D9: Malik Nabers | E9: NYG | F9: Mark Andrews | G9: BAL | H9: Joe Burrow | I9: CIN | J9: Ka'imi Fairbairn | K9: HOU | L9: Kansas City Chiefs | N9: 6. Runde | O9: QB
A10: 7 | B10: Ashton Jeanty | C10: LV | D10: Nico Collins | E10: HOU | F10: T.J. Hockenson | G10: MIN | H10: Backer Mayfield | I10: TB | J10: Harrison Butker | K10: KC | L10: Buffalo Bills | N10: 7. Runde | O10: RB
A11: 8 | B11: De'Von Achane | C11: MIA | D11: Puka Nacua | E11: LAR | F11: David Njoku | G11: CLE | H11: Bo Nix | I11: DEN | J11: Chris Boswell | K11: PIT | L11: Dallas Cowboys | N11: 8. Runde | O11: WR
A12: 9 | B12: Josh Jacobs | C12: GB | D12: Brian Thomas Jr. | E12: JAC | F12: Evan Engram | G12: DEN | H12: Kyler Murray | I12: ARI | J12: Tyler Bass | K12: BUF | N12: 9. Runde | O12: RB
A13: 10 | B13: Jonathan Tayloer | C13: IND | D13: Drake London | E13: ATL | F13: Tucker Kraft | G13: GB | H13: Dak Prescott | I13: DAL | J13: Evan McPherson | K13: CIN | N13: 10. Runde | O13: WR
A14: 11 | B14: Alvin Kamara | C14: NO | D14: A.J. Brown | E14: PHI | F14: Tyler Warren | G14: IND | H14: Brock Purdy | I14: SF | J14: Matt Gay | K14: WAS | N14: 11. Runde | O14: K
A15: 12 | B15: Chase Brown | C15: CIN | D15: Ladd McConkey | E15: LAC | F15: Jake Ferguson | G15: DAL | H15: Justin Fields | I15: NYJ | J15: Jake Elliott | K15: PHI | N15: 12. Runde | O15: DEF
A16: 13 | B16: Bucky Irving | C16: TB | D16: Jaxon Smith-Njigba | E16: SEA | F16: Dalton Kincaid | G16: BUF | H16: Justin Herbert | I16: LAC | N16: 13. Runde | O16: QB
A17: 14 | B17: Kyren Williams | C17: LAR | D17: Tee Higgins | E17: CIN | F17: Dallas Goedert | G17: PHI | H17: Drake Maye | I17: NE | N17: 14. Runde | O17: TE
A18: 15 | B18: Kenneth Walker III | C18: SEA | D18: Mike Evans | E18: TB | F18: Colston Loveland | G18: CHI | H18: Jared Goff | I18: DET | N18: 15. Runde | O18: WR
A19: 16 | B19: Omarion Hampton | C19: LAC | D19: Garret Wilson | E19: NYJ | F19: Kyle Pitts SR | G19: ATL
A20: 17 | B20: James Conner | C20: ARI | D20: Davante Adams | E20: LAR | F20: Hunter Henry | G20: NE
A21: 18 | B21: David Montgomery | C21: DET | D21: Marvin Harrsion Jr | E21: ARI | F21: Zack Ertz | G21: WAS
A22: 19 | B22: Tony Pollard | C22: TEN | D22: DK Metcalf | E22: PIT
A23: 20 | B23: Aaron Jones Sr. | C23: MIN | D23: DJ Moore | E23: WAS
A31: Import
A32: 1 | B32: =IFERROR(__xludf.DUMMYFUNCTION("FILTER(IMPORTRANGE(""https://docs.google.com/spreadsheets/d/12GwvVQuA_g69mcvi0j1i_hvHTfUoMJzE/edit?gid=1131453096#gid=1131453096"",""'Draft Board'!D4:CX4""), IMPORTRANGE(""https://docs.google.com/spreadsheets/d/12GwvVQuA_g69mcvi0j1i_hvHTfUoMJzE/edit?gid=1"&"131453096#gid=1131453096"",""'Draft Board'!D4:CX4"")<>"""")"),"Ja'Marr Chase") -> Ja'Marr Chase | C32: =IFERROR(__xludf.DUMMYFUNCTION("""COMPUTED_VALUE"""),"Bijan Robinson") -> Bijan Robinson | D32: =IFERROR(__xludf.DUMMYFUNCTION("""COMPUTED_VALUE"""),"Jahmyr Gibbs") -> Jahmyr Gibbs | E32: =IFERROR(__xludf.DUMMYFUNCTION("""COMPUTED_VALUE"""),"CeeDee Lamb") -> CeeDee Lamb | F32: =IFERROR(__xludf.DUMMYFUNCTION("""COMPUTED_VALUE"""),"Saquon Barkley") -> Saquon Barkley | G32: =IFERROR(__xludf.DUMMYFUNCTION("""COMPUTED_VALUE"""),"Justin Jefferson") -> Justin Jefferson | H32: =IFERROR(__xludf.DUMMYFUNCTION("""COMPUTED_VALUE"""),"De'Von Achane") -> De'Von Achane | I32: =IFERROR(__xludf.DUMMYFUNCTION("""COMPUTED_VALUE"""),"Puka Nacua") -> Puka Nacua | J32: =IFERROR(__xludf.DUMMYFUNCTION("""COMPUTED_VALUE"""),"Malik Nabers") -> Malik Nabers | K32: =IFERROR(__xludf.DUMMYFUNCTION("""COMPUTED_VALUE"""),"Nico Collins") -> Nico Collins | L32: =IFERROR(__xludf.DUMMYFUNCTION("""COMPUTED_VALUE"""),"Christian McCaffrey") -> Christian McCaffrey | M32: =IFERROR(__xludf.DUMMYFUNCTION("""COMPUTED_VALUE"""),"Amon-Ra St. Brown") -> Amon-Ra St. Brown | N32: =IFERROR(__xludf.DUMMYFUNCTION("""COMPUTED_VALUE"""),"Ashton Jeanty") -> Ashton Jeanty | O32: =IFERROR(__xludf.DUMMYFUNCTION("""COMPUTED_VALUE"""),"Garrett Wilson") -> Garrett Wilson | P32: =IFERROR(__xludf.DUMMYFUNCTION("""COMPUTED_VALUE"""),"Tyreek Hill") -> Tyreek Hill | Q32: =IFERROR(__xludf.DUMMYFUNCTION("""COMPUTED_VALUE"""),"Derrick Henry") -> Derrick Henry | R32: =IFERROR(__xludf.DUMMYFUNCTION("""COMPUTED_VALUE"""),"Ladd McConkey") -> Ladd McConkey | S32: =IFERROR(__xludf.DUMMYFUNCTION("""COMPUTED_VALUE"""),"Josh Jacobs") -> Josh Jacobs | T32: =IFERROR(__xludf.DUMMYFUNCTION("""COMPUTED_VALUE"""),"Drake London") -> Drake London | U32: =IFERROR(__xludf.DUMMYFUNCTION("""COMPUTED_VALUE"""),"Chase Brown") -> Chase Brown
A33: 2 | B33: =IFERROR(__xludf.DUMMYFUNCTION("FILTER(IMPORTRANGE(""https://docs.google.com/spreadsheets/d/12GwvVQuA_g69mcvi0j1i_hvHTfUoMJzE/edit?gid=1131453096#gid=1131453096"",""'Draft Board'!D7:CX7""), IMPORTRANGE(""https://docs.google.com/spreadsheets/d/12GwvVQuA_g69mcvi0j1i_hvHTfUoMJzE/edit?gid=1"&"131453096#gid=1131453096"",""'Draft Board'!D7:CX7"")<>"""")"),"David Montgomery") -> David Montgomery | C33: =IFERROR(__xludf.DUMMYFUNCTION("""COMPUTED_VALUE"""),"Mike Evans") -> Mike Evans | D33: =IFERROR(__xludf.DUMMYFUNCTION("""COMPUTED_VALUE"""),"James Conner") -> James Conner | E33: =IFERROR(__xludf.DUMMYFUNCTION("""COMPUTED_VALUE"""),"Chuba Hubbard") -> Chuba Hubbard | F33: =IFERROR(__xludf.DUMMYFUNCTION("""COMPUTED_VALUE"""),"Josh Allen") -> Josh Allen | G33: =IFERROR(__xludf.DUMMYFUNCTION("""COMPUTED_VALUE"""),"TreVeyon Henderson") -> TreVeyon Henderson | H33: =IFERROR(__xludf.DUMMYFUNCTION("""COMPUTED_VALUE"""),"Lamar Jackson") -> Lamar Jackson | I33: =IFERROR(__xludf.DUMMYFUNCTION("""COMPUTED_VALUE"""),"James Cook") -> James Cook | J33: =IFERROR(__xludf.DUMMYFUNCTION("""COMPUTED_VALUE"""),"Omarion Hampton") -> Omarion Hampton | K33: =IFERROR(__xludf.DUMMYFUNCTION("""COMPUTED_VALUE"""),"Tee Higgins") -> Tee Higgins | L33: =IFERROR(__xludf.DUMMYFUNCTION("""COMPUTED_VALUE"""),"Jaxon Smith-Njigba") -> Jaxon Smith-Njigba | M33: =IFERROR(__xludf.DUMMYFUNCTION("""COMPUTED_VALUE"""),"Kenneth Walker III") -> Kenneth Walker III | N33: =IFERROR(__xludf.DUMMYFUNCTION("""COMPUTED_VALUE"""),"Alvin Kamara") -> Alvin Kamara | O33: =IFERROR(__xludf.DUMMYFUNCTION("""COMPUTED_VALUE"""),"Breece Hall") -> Breece Hall | P33: =IFERROR(__xludf.DUMMYFUNCTION("""COMPUTED_VALUE"""),"Bucky Irving") -> Bucky Irving | Q33: =IFERROR(__xludf.DUMMYFUNCTION("""COMPUTED_VALUE"""),"A.J. Brown") -> A.J. Brown | R33: =IFERROR(__xludf.DUMMYFUNCTION("""COMPUTED_VALUE"""),"Jonathan Taylor") -> Jonathan Taylor | S33: =IFERROR(__xludf.DUMMYFUNCTION("""COMPUTED_VALUE"""),"Kyren Williams") -> Kyren Williams | T33: =IFERROR(__xludf.DUMMYFUNCTION("""COMPUTED_VALUE"""),"Brock Bowers") -> Brock Bowers | U33: =IFERROR(__xludf.DUMMYFUNCTION("""COMPUTED_VALUE"""),"Brian Thomas Jr.") -> Brian Thomas Jr.
A34: 3 | B34: =IFERROR(__xludf.DUMMYFUNCTION("FILTER(IMPORTRANGE(""https://docs.google.com/spreadsheets/d/12GwvVQuA_g69mcvi0j1i_hvHTfUoMJzE/edit?gid=1131453096#gid=1131453096"",""'Draft Board'!D10:CX10""), IMPORTRANGE(""https://docs.google.com/spreadsheets/d/12GwvVQuA_g69mcvi0j1i_hvHTfUoMJzE/edit?gid"&"=1131453096#gid=1131453096"",""'Draft Board'!D10:CX10"")<>"""")"),"Davante Adams") -> Davante Adams | C34: =IFERROR(__xludf.DUMMYFUNCTION("""COMPUTED_VALUE"""),"RJ Harvey") -> RJ Harvey | D34: =IFERROR(__xludf.DUMMYFUNCTION("""COMPUTED_VALUE"""),"Terry McLaurin") -> Terry McLaurin | E34: =IFERROR(__xludf.DUMMYFUNCTION("""COMPUTED_VALUE"""),"Jayden Daniels") -> Jayden Daniels | F34: =IFERROR(__xludf.DUMMYFUNCTION("""COMPUTED_VALUE"""),"Marvin Harrison Jr.") -> Marvin Harrison Jr. | G34: =IFERROR(__xludf.DUMMYFUNCTION("""COMPUTED_VALUE"""),"DJ Moore") -> DJ Moore | H34: =IFERROR(__xludf.DUMMYFUNCTION("""COMPUTED_VALUE"""),"Trey McBride") -> Trey McBride | I34: =IFERROR(__xludf.DUMMYFUNCTION("""COMPUTED_VALUE"""),"Jalen Hurts") -> Jalen Hurts | J34: =IFERROR(__xludf.DUMMYFUNCTION("""COMPUTED_VALUE"""),"Calvin Ridley") -> Calvin Ridley | K34: =IFERROR(__xludf.DUMMYFUNCTION("""COMPUTED_VALUE"""),"George Kittle") -> George Kittle | L34: =IFERROR(__xludf.DUMMYFUNCTION("""COMPUTED_VALUE"""),"D'Andre Swift") -> D'Andre Swift | M34: =IFERROR(__xludf.DUMMYFUNCTION("""COMPUTED_VALUE"""),"Tony Pollard") -> Tony Pollard | N34: =IFERROR(__xludf.DUMMYFUNCTION("""COMPUTED_VALUE"""),"DK Metcalf") -> DK Metcalf | O34: =IFERROR(__xludf.DUMMYFUNCTION("""COMPUTED_VALUE"""),"Rhamondre Stevenson") -> Rhamondre Stevenson | P34: =IFERROR(__xludf.DUMMYFUNCTION("""COMPUTED_VALUE"""),"DeVonta Smith") -> DeVonta Smith | Q34: =IFERROR(__xludf.DUMMYFUNCTION("""COMPUTED_VALUE"""),"Aaron Jones Sr.") -> Aaron Jones Sr. | R34: =IFERROR(__xludf.DUMMYFUNCTION("""COMPUTED_VALUE"""),"Courtland Sutton") -> Courtland Sutton | S34: =IFERROR(__xludf.DUMMYFUNCTION("""COMPUTED_VALUE"""),"Jerry Jeudy") -> Jerry Jeudy | T34: =IFERROR(__xludf.DUMMYFUNCTION("""COMPUTED_VALUE"""),"Isiah Pacheco") -> Isiah Pacheco | U34: =IFERROR(__xludf.DUMMYFUNCTION("""COMPUTED_VALUE"""),"Joe Burrow") -> Joe Burrow
A35: 4 | B35: =IFERROR(__xludf.DUMMYFUNCTION("FILTER(IMPORTRANGE(""https://docs.google.com/spreadsheets/d/12GwvVQuA_g69mcvi0j1i_hvHTfUoMJzE/edit?gid=1131453096#gid=1131453096"",""'Draft Board'!D13:CX13""), IMPORTRANGE(""https://docs.google.com/spreadsheets/d/12GwvVQuA_g69mcvi0j1i_hvHTfUoMJzE/edit?gid"&"=1131453096#gid=1131453096"",""'Draft Board'!D13:CX13"")<>"""")"),"David Njoku") -> David Njoku | C35: =IFERROR(__xludf.DUMMYFUNCTION("""COMPUTED_VALUE"""),"Rome Odunze") -> Rome Odunze | D35: =IFERROR(__xludf.DUMMYFUNCTION("""COMPUTED_VALUE"""),"Jakobi Meyers") -> Jakobi Meyers | E35: =IFERROR(__xludf.DUMMYFUNCTION("""COMPUTED_VALUE"""),"Tucker Kraft") -> Tucker Kraft | F35: =IFERROR(__xludf.DUMMYFUNCTION("""COMPUTED_VALUE"""),"George Pickens") -> George Pickens | G35: =IFERROR(__xludf.DUMMYFUNCTION("""COMPUTED_VALUE"""),"Travis Etienne Jr.") -> Travis Etienne Jr. | H35: =IFERROR(__xludf.DUMMYFUNCTION("""COMPUTED_VALUE"""),"Xavier Worthy") -> Xavier Worthy | I35: =IFERROR(__xludf.DUMMYFUNCTION("""COMPUTED_VALUE"""),"Jaylen Warren") -> Jaylen Warren | J35: =IFERROR(__xludf.DUMMYFUNCTION("""COMPUTED_VALUE"""),"Javonte Williams") -> Javonte Williams | K35: =IFERROR(__xludf.DUMMYFUNCTION("""COMPUTED_VALUE"""),"Travis Hunter") -> Travis Hunter | L35: =IFERROR(__xludf.DUMMYFUNCTION("""COMPUTED_VALUE"""),"T.J. Hockenson") -> T.J. Hockenson | M35: =IFERROR(__xludf.DUMMYFUNCTION("""COMPUTED_VALUE"""),"Chris Olave") -> Chris Olave | N35: =IFERROR(__xludf.DUMMYFUNCTION("""COMPUTED_VALUE"""),"Jaylen Waddle") -> Jaylen Waddle | O35: =IFERROR(__xludf.DUMMYFUNCTION("""COMPUTED_VALUE"""),"Mark Andrews") -> Mark Andrews | P35: =IFERROR(__xludf.DUMMYFUNCTION("""COMPUTED_VALUE"""),"Tyrone Tracy Jr.") -> Tyrone Tracy Jr. | Q35: =IFERROR(__xludf.DUMMYFUNCTION("""COMPUTED_VALUE"""),"Travis Kelce") -> Travis Kelce | R35: =IFERROR(__xludf.DUMMYFUNCTION("""COMPUTED_VALUE"""),"Zay Flowers") -> Zay Flowers | S35: =IFERROR(__xludf.DUMMYFUNCTION("""COMPUTED_VALUE"""),"Sam LaPorta") -> Sam LaPorta | T35: =IFERROR(__xludf.DUMMYFUNCTION("""COMPUTED_VALUE"""),"Tetairoa McMillan") -> Tetairoa McMillan | U35: =IFERROR(__xludf.DUMMYFUNCTION("""COMPUTED_VALUE"""),"Kaleb Johnson") -> Kaleb Johnson
A36: 5 | B36: =IFERROR(__xludf.DUMMYFUNCTION("FILTER(IMPORTRANGE(""https://docs.google.com/spreadsheets/d/12GwvVQuA_g69mcvi0j1i_hvHTfUoMJzE/edit?gid=1131453096#gid=1131453096"",""'Draft Board'!D16:CX16""), IMPORTRANGE(""https://docs.google.com/spreadsheets/d/12GwvVQuA_g69mcvi0j1i_hvHTfUoMJzE/edit?gid"&"=1131453096#gid=1131453096"",""'Draft Board'!D16:CX16"")<>"""")"),"Brian Robinson Jr.") -> Brian Robinson Jr. | C36: =IFERROR(__xludf.DUMMYFUNCTION("""COMPUTED_VALUE"""),"Dak Prescott") -> Dak Prescott | D36: =IFERROR(__xludf.DUMMYFUNCTION("""COMPUTED_VALUE"""),"Zach Charbonnet") -> Zach Charbonnet | E36: =IFERROR(__xludf.DUMMYFUNCTION("""COMPUTED_VALUE"""),"Joe Mixon") -> Joe Mixon | F36: =IFERROR(__xludf.DUMMYFUNCTION("""COMPUTED_VALUE"""),"J.K. Dobbins") -> J.K. Dobbins | G36: =IFERROR(__xludf.DUMMYFUNCTION("""COMPUTED_VALUE"""),"Patrick Mahomes II") -> Patrick Mahomes II | H36: =IFERROR(__xludf.DUMMYFUNCTION("""COMPUTED_VALUE"""),"Ricky Pearsall") -> Ricky Pearsall | I36: =IFERROR(__xludf.DUMMYFUNCTION("""COMPUTED_VALUE"""),"Jameson Williams") -> Jameson Williams | J36: =IFERROR(__xludf.DUMMYFUNCTION("""COMPUTED_VALUE"""),"Tyler Warren") -> Tyler Warren | K36: =IFERROR(__xludf.DUMMYFUNCTION("""COMPUTED_VALUE"""),"Jordan Mason") -> Jordan Mason | L36: =IFERROR(__xludf.DUMMYFUNCTION("""COMPUTED_VALUE"""),"Baker Mayfield") -> Baker Mayfield | M36: =IFERROR(__xludf.DUMMYFUNCTION("""COMPUTED_VALUE"""),"Deebo Samuel Sr.") -> Deebo Samuel Sr. | N36: =IFERROR(__xludf.DUMMYFUNCTION("""COMPUTED_VALUE"""),"Bo Nix") -> Bo Nix | O36: =IFERROR(__xludf.DUMMYFUNCTION("""COMPUTED_VALUE"""),"Chris Godwin") -> Chris Godwin | P36: =IFERROR(__xludf.DUMMYFUNCTION("""COMPUTED_VALUE"""),"Emeka Egbuka") -> Emeka Egbuka | Q36: =IFERROR(__xludf.DUMMYFUNCTION("""COMPUTED_VALUE"""),"Rashee Rice") -> Rashee Rice | R36: =IFERROR(__xludf.DUMMYFUNCTION("""COMPUTED_VALUE"""),"Quinshon Judkins") -> Quinshon Judkins | S36: =IFERROR(__xludf.DUMMYFUNCTION("""COMPUTED_VALUE"""),"Matthew Golden") -> Matthew Golden | T36: =IFERROR(__xludf.DUMMYFUNCTION("""COMPUTED_VALUE"""),"Austin Ekeler") -> Austin Ekeler | U36: =IFERROR(__xludf.DUMMYFUNCTION("""COMPUTED_VALUE"""),"Stefon Diggs") -> Stefon Diggs
A37: 6 | B37: =IFERROR(__xludf.DUMMYFUNCTION("FILTER(IMPORTRANGE(""https://docs.google.com/spreadsheets/d/12GwvVQuA_g69mcvi0j1i_hvHTfUoMJzE/edit?gid=1131453096#gid=1131453096"",""'Draft Board'!D19:CX19""), IMPORTRANGE(""https://docs.google.com/spreadsheets/d/12GwvVQuA_g69mcvi0j1i_hvHTfUoMJzE/edit?gid"&"=1131453096#gid=1131453096"",""'Draft Board'!D19:CX19"")<>"""")"),"Brock Purdy") -> Brock Purdy | C37: =IFERROR(__xludf.DUMMYFUNCTION("""COMPUTED_VALUE"""),"Colston Loveland") -> Colston Loveland | D37: =IFERROR(__xludf.DUMMYFUNCTION("""COMPUTED_VALUE"""),"Justin Herbert") -> Justin Herbert | E37: =IFERROR(__xludf.DUMMYFUNCTION("""COMPUTED_VALUE"""),"Jauan Jennings") -> Jauan Jennings | F37: =IFERROR(__xludf.DUMMYFUNCTION("""COMPUTED_VALUE"""),"Jayden Reed") -> Jayden Reed | G37: =IFERROR(__xludf.DUMMYFUNCTION("""COMPUTED_VALUE"""),"Hunter Henry") -> Hunter Henry | H37: =IFERROR(__xludf.DUMMYFUNCTION("""COMPUTED_VALUE"""),"Tyjae Spears") -> Tyjae Spears | I37: =IFERROR(__xludf.DUMMYFUNCTION("""COMPUTED_VALUE"""),"Dallas Goedert") -> Dallas Goedert | J37: =IFERROR(__xludf.DUMMYFUNCTION("""COMPUTED_VALUE"""),"Dalton Kincaid") -> Dalton Kincaid | K37: =IFERROR(__xludf.DUMMYFUNCTION("""COMPUTED_VALUE"""),"Jacory Croskey-Merritt") -> Jacory Croskey-Merritt | L37: =IFERROR(__xludf.DUMMYFUNCTION("""COMPUTED_VALUE"""),"Khalil Shakir") -> Khalil Shakir | M37: =IFERROR(__xludf.DUMMYFUNCTION("""COMPUTED_VALUE"""),"Najee Harris") -> Najee Harris | N37: =IFERROR(__xludf.DUMMYFUNCTION("""COMPUTED_VALUE"""),"Jake Ferguson") -> Jake Ferguson | O37: =IFERROR(__xludf.DUMMYFUNCTION("""COMPUTED_VALUE"""),"Christian Kirk") -> Christian Kirk | P37: =IFERROR(__xludf.DUMMYFUNCTION("""COMPUTED_VALUE"""),"Jared Goff") -> Jared Goff | Q37: =IFERROR(__xludf.DUMMYFUNCTION("""COMPUTED_VALUE"""),"Cam Skattebo") -> Cam Skattebo | R37: =IFERROR(__xludf.DUMMYFUNCTION("""COMPUTED_VALUE"""),"Nick Chubb") -> Nick Chubb | S37: =IFERROR(__xludf.DUMMYFUNCTION("""COMPUTED_VALUE"""),"Jordan Love") -> Jordan Love | T37: =IFERROR(__xludf.DUMMYFUNCTION("""COMPUTED_VALUE"""),"Kyler Murray") -> Kyler Murray | U37: =IFERROR(__xludf.DUMMYFUNCTION("""COMPUTED_VALUE"""),"Evan Engram") -> Evan Engram
A38: 7 | B38: =IFERROR(__xludf.DUMMYFUNCTION("FILTER(IMPORTRANGE(""https://docs.google.com/spreadsheets/d/12GwvVQuA_g69mcvi0j1i_hvHTfUoMJzE/edit?gid=1131453096#gid=1131453096"",""'Draft Board'!D22:CX22""), IMPORTRANGE(""https://docs.google.com/spreadsheets/d/12GwvVQuA_g69mcvi0j1i_hvHTfUoMJzE/edit?gid"&"=1131453096#gid=1131453096"",""'Draft Board'!D22:CX22"")<>"""")"),"Rachaad White") -> Rachaad White | C38: =IFERROR(__xludf.DUMMYFUNCTION("""COMPUTED_VALUE"""),"Josh Downs") -> Josh Downs | D38: =IFERROR(__xludf.DUMMYFUNCTION("""COMPUTED_VALUE"""),"Jerome Ford") -> Jerome Ford | E38: =IFERROR(__xludf.DUMMYFUNCTION("""COMPUTED_VALUE"""),"Denver Broncos") -> Denver Broncos | F38: =IFERROR(__xludf.DUMMYFUNCTION("""COMPUTED_VALUE"""),"Bhayshul Tuten") -> Bhayshul Tuten | G38: =IFERROR(__xludf.DUMMYFUNCTION("""COMPUTED_VALUE"""),"Tank Bigsby") -> Tank Bigsby | H38: =IFERROR(__xludf.DUMMYFUNCTION("""COMPUTED_VALUE"""),"Cooper Kupp") -> Cooper Kupp | I38: =IFERROR(__xludf.DUMMYFUNCTION("""COMPUTED_VALUE"""),"Jordan Addison") -> Jordan Addison | J38: =IFERROR(__xludf.DUMMYFUNCTION("""COMPUTED_VALUE"""),"Rashod Bateman") -> Rashod Bateman | K38: =IFERROR(__xludf.DUMMYFUNCTION("""COMPUTED_VALUE"""),"Ray Davis") -> Ray Davis | L38: =IFERROR(__xludf.DUMMYFUNCTION("""COMPUTED_VALUE"""),"Braelon Allen") -> Braelon Allen | M38: =IFERROR(__xludf.DUMMYFUNCTION("""COMPUTED_VALUE"""),"C.J. Stroud") -> C.J. Stroud | N38: =IFERROR(__xludf.DUMMYFUNCTION("""COMPUTED_VALUE"""),"Michael Pittman Jr.") -> Michael Pittman Jr. | O38: =IFERROR(__xludf.DUMMYFUNCTION("""COMPUTED_VALUE"""),"Anthony Richardson Sr.") -> Anthony Richardson Sr. | P38: =IFERROR(__xludf.DUMMYFUNCTION("""COMPUTED_VALUE"""),"Luther Burden III") -> Luther Burden III | Q38: =IFERROR(__xludf.DUMMYFUNCTION("""COMPUTED_VALUE"""),"Justin Fields") -> Justin Fields | R38: =IFERROR(__xludf.DUMMYFUNCTION("""COMPUTED_VALUE"""),"Kyle Pitts Sr.") -> Kyle Pitts Sr. | S38: =IFERROR(__xludf.DUMMYFUNCTION("""COMPUTED_VALUE"""),"Wan'Dale Robinson") -> Wan'Dale Robinson | T38: =IFERROR(__xludf.DUMMYFUNCTION("""COMPUTED_VALUE"""),"Jaydon Blue") -> Jaydon Blue | U38: =IFERROR(__xludf.DUMMYFUNCTION("""COMPUTED_VALUE"""),"Trey Benson") -> Trey Benson
A39: 8 | B39: =IFERROR(__xludf.DUMMYFUNCTION("FILTER(IMPORTRANGE(""https://docs.google.com/spreadsheets/d/12GwvVQuA_g69mcvi0j1i_hvHTfUoMJzE/edit?gid=1131453096#gid=1131453096"",""'Draft Board'!D25:CX25""), IMPORTRANGE(""https://docs.google.com/spreadsheets/d/12GwvVQuA_g69mcvi0j1i_hvHTfUoMJzE/edit?gid"&"=1131453096#gid=1131453096"",""'Draft Board'!D25:CX25"")<>"""")"),"Cedric Tillman") -> Cedric Tillman | C39: =IFERROR(__xludf.DUMMYFUNCTION("""COMPUTED_VALUE"""),"Zach Ertz") -> Zach Ertz | D39: =IFERROR(__xludf.DUMMYFUNCTION("""COMPUTED_VALUE"""),"Jayden Higgins") -> Jayden Higgins | E39: =IFERROR(__xludf.DUMMYFUNCTION("""COMPUTED_VALUE"""),"Dylan Sampson") -> Dylan Sampson | F39: =IFERROR(__xludf.DUMMYFUNCTION("""COMPUTED_VALUE"""),"Brenton Strange") -> Brenton Strange | G39: =IFERROR(__xludf.DUMMYFUNCTION("""COMPUTED_VALUE"""),"Keon Coleman") -> Keon Coleman | H39: =IFERROR(__xludf.DUMMYFUNCTION("""COMPUTED_VALUE"""),"Rico Dowdle") -> Rico Dowdle | I39: =IFERROR(__xludf.DUMMYFUNCTION("""COMPUTED_VALUE"""),"Houston Texans") -> Houston Texans | J39: =IFERROR(__xludf.DUMMYFUNCTION("""COMPUTED_VALUE"""),"Jaylen Wright") -> Jaylen Wright | K39: =IFERROR(__xludf.DUMMYFUNCTION("""COMPUTED_VALUE"""),"Drake Maye") -> Drake Maye | L39: =IFERROR(__xludf.DUMMYFUNCTION("""COMPUTED_VALUE"""),"Brandon Aiyuk") -> Brandon Aiyuk | M39: =IFERROR(__xludf.DUMMYFUNCTION("""COMPUTED_VALUE"""),"Geno Smith") -> Geno Smith | N39: =IFERROR(__xludf.DUMMYFUNCTION("""COMPUTED_VALUE"""),"Isaac Guerendo") -> Isaac Guerendo | O39: =IFERROR(__xludf.DUMMYFUNCTION("""COMPUTED_VALUE"""),"Tyler Allgeier") -> Tyler Allgeier | P39: =IFERROR(__xludf.DUMMYFUNCTION("""COMPUTED_VALUE"""),"Trevor Lawrence") -> Trevor Lawrence | Q39: =IFERROR(__xludf.DUMMYFUNCTION("""COMPUTED_VALUE"""),"Rashid Shaheed") -> Rashid Shaheed | R39: =IFERROR(__xludf.DUMMYFUNCTION("""COMPUTED_VALUE"""),"Caleb Williams") -> Caleb Williams | S39: =IFERROR(__xludf.DUMMYFUNCTION("""COMPUTED_VALUE"""),"Darnell Mooney") -> Darnell Mooney | T39: =IFERROR(__xludf.DUMMYFUNCTION("""COMPUTED_VALUE"""),"Marvin Mims Jr.") -> Marvin Mims Jr. | U39: =IFERROR(__xludf.DUMMYFUNCTION("""COMPUTED_VALUE"""),"Philadelphia Eagles") -> Philadelphia Eagles
A40: 9 | B40: =IFERROR(__xludf.DUMMYFUNCTION("FILTER(IMPORTRANGE(""https://docs.google.com/spreadsheets/d/12GwvVQuA_g69mcvi0j1i_hvHTfUoMJzE/edit?gid=1131453096#gid=1131453096"",""'Draft Board'!D28:CX28""), IMPORTRANGE(""https://docs.google.com/spreadsheets/d/12GwvVQuA_g69mcvi0j1i_hvHTfUoMJzE/edit?gid"&"=1131453096#gid=1131453096"",""'Draft Board'!D28:CX28"")<>"""")"),"Roschon Johnson") -> Roschon Johnson | C40: =IFERROR(__xludf.DUMMYFUNCTION("""COMPUTED_VALUE"""),"Baltimore Ravens") -> Baltimore Ravens | D40: =IFERROR(__xludf.DUMMYFUNCTION("""COMPUTED_VALUE"""),"Elijah Arroyo") -> Elijah Arroyo | E40: =IFERROR(__xludf.DUMMYFUNCTION("""COMPUTED_VALUE"""),"Romeo Doubs") -> Romeo Doubs | F40: =IFERROR(__xludf.DUMMYFUNCTION("""COMPUTED_VALUE"""),"Harold Fannin Jr.") -> Harold Fannin Jr. | G40: =IFERROR(__xludf.DUMMYFUNCTION("""COMPUTED_VALUE"""),"J.J. McCarthy") -> J.J. McCarthy | H40: =IFERROR(__xludf.DUMMYFUNCTION("""COMPUTED_VALUE"""),"Joshua Palmer") -> Joshua Palmer | I40: =IFERROR(__xludf.DUMMYFUNCTION("""COMPUTED_VALUE"""),"Blake Corum") -> Blake Corum | J40: =IFERROR(__xludf.DUMMYFUNCTION("""COMPUTED_VALUE"""),"Michael Penix Jr.") -> Michael Penix Jr. | K40: =IFERROR(__xludf.DUMMYFUNCTION("""COMPUTED_VALUE"""),"Cameron Ward") -> Cameron Ward | L40: =IFERROR(__xludf.DUMMYFUNCTION("""COMPUTED_VALUE"""),"Minnesota Vikings") -> Minnesota Vikings | M40: =IFERROR(__xludf.DUMMYFUNCTION("""COMPUTED_VALUE"""),"Mike Gesicki") -> Mike Gesicki | N40: =IFERROR(__xludf.DUMMYFUNCTION("""COMPUTED_VALUE"""),"Marquise Brown") -> Marquise Brown | O40: =IFERROR(__xludf.DUMMYFUNCTION("""COMPUTED_VALUE"""),"Bryce Young") -> Bryce Young | P40: =IFERROR(__xludf.DUMMYFUNCTION("""COMPUTED_VALUE"""),"Luke Musgrave") -> Luke Musgrave | Q40: =IFERROR(__xludf.DUMMYFUNCTION("""COMPUTED_VALUE"""),"Jonnu Smith") -> Jonnu Smith | R40: =IFERROR(__xludf.DUMMYFUNCTION("""COMPUTED_VALUE"""),"DJ Giddens") -> DJ Giddens | S40: =IFERROR(__xludf.DUMMYFUNCTION("""COMPUTED_VALUE"""),"Sam Darnold") -> Sam Darnold | T40: =IFERROR(__xludf.DUMMYFUNCTION("""COMPUTED_VALUE"""),"Tua Tagovailoa") -> Tua Tagovailoa | U40: =IFERROR(__xludf.DUMMYFUNCTION("""COMPUTED_VALUE"""),"Adam Thielen") -> Adam Thielen
A41: 10 | B41: =IFERROR(__xludf.DUMMYFUNCTION("FILTER(IMPORTRANGE(""https://docs.google.com/spreadsheets/d/12GwvVQuA_g69mcvi0j1i_hvHTfUoMJzE/edit?gid=1131453096#gid=1131453096"",""'Draft Board'!D31:CX31""), IMPORTRANGE(""https://docs.google.com/spreadsheets/d/12GwvVQuA_g69mcvi0j1i_hvHTfUoMJzE/edit?gid"&"=1131453096#gid=1131453096"",""'Draft Board'!D31:CX31"")<>"""")"),"Quentin Johnston") -> Quentin Johnston | C41: =IFERROR(__xludf.DUMMYFUNCTION("""COMPUTED_VALUE"""),"Jaxson Dart") -> Jaxson Dart | D41: =IFERROR(__xludf.DUMMYFUNCTION("""COMPUTED_VALUE"""),"Tyler Shough") -> Tyler Shough | E41: =IFERROR(__xludf.DUMMYFUNCTION("""COMPUTED_VALUE"""),"Joe Flacco") -> Joe Flacco | F41: =IFERROR(__xludf.DUMMYFUNCTION("""COMPUTED_VALUE"""),"Kansas City Chiefs") -> Kansas City Chiefs | G41: =IFERROR(__xludf.DUMMYFUNCTION("""COMPUTED_VALUE"""),"Daniel Jones") -> Daniel Jones | H41: =IFERROR(__xludf.DUMMYFUNCTION("""COMPUTED_VALUE"""),"Russell Wilson") -> Russell Wilson | I41: =IFERROR(__xludf.DUMMYFUNCTION("""COMPUTED_VALUE"""),"Xavier Legette") -> Xavier Legette | J41: =IFERROR(__xludf.DUMMYFUNCTION("""COMPUTED_VALUE"""),"Woody Marks") -> Woody Marks | K41: =IFERROR(__xludf.DUMMYFUNCTION("""COMPUTED_VALUE"""),"Pittsburgh Steelers") -> Pittsburgh Steelers | L41: =IFERROR(__xludf.DUMMYFUNCTION("""COMPUTED_VALUE"""),"Brandon Aubrey") -> Brandon Aubrey | M41: =IFERROR(__xludf.DUMMYFUNCTION("""COMPUTED_VALUE"""),"Kareem Hunt") -> Kareem Hunt | N41: =IFERROR(__xludf.DUMMYFUNCTION("""COMPUTED_VALUE"""),"Chig Okonkwo") -> Chig Okonkwo | O41: =IFERROR(__xludf.DUMMYFUNCTION("""COMPUTED_VALUE"""),"Kyle Williams") -> Kyle Williams | P41: =IFERROR(__xludf.DUMMYFUNCTION("""COMPUTED_VALUE"""),"Tre' Harris") -> Tre' Harris | Q41: =IFERROR(__xludf.DUMMYFUNCTION("""COMPUTED_VALUE"""),"MarShawn Lloyd") -> MarShawn Lloyd | R41: =IFERROR(__xludf.DUMMYFUNCTION("""COMPUTED_VALUE"""),"Aaron Rodgers") -> Aaron Rodgers | S41: =IFERROR(__xludf.DUMMYFUNCTION("""COMPUTED_VALUE"""),"DeMario Douglas") -> DeMario Douglas | T41: =IFERROR(__xludf.DUMMYFUNCTION("""COMPUTED_VALUE"""),"Keenan Allen") -> Keenan Allen | U41: =IFERROR(__xludf.DUMMYFUNCTION("""COMPUTED_VALUE"""),"Matthew Stafford") -> Matthew Stafford
A42: 11 | B42: =IFERROR(__xludf.DUMMYFUNCTION("FILTER(IMPORTRANGE(""https://docs.google.com/spreadsheets/d/12GwvVQuA_g69mcvi0j1i_hvHTfUoMJzE/edit?gid=1131453096#gid=1131453096"",""'Draft Board'!D34:CX34""), IMPORTRANGE(""https://docs.google.com/spreadsheets/d/12GwvVQuA_g69mcvi0j1i_hvHTfUoMJzE/edit?gid"&"=1131453096#gid=1131453096"",""'Draft Board'!D34:CX34"")<>"""")"),"Cameron Dicker") -> Cameron Dicker | C42: =IFERROR(__xludf.DUMMYFUNCTION("""COMPUTED_VALUE"""),"Will Shipley") -> Will Shipley | D42: =IFERROR(__xludf.DUMMYFUNCTION("""COMPUTED_VALUE"""),"Mason Taylor") -> Mason Taylor | E42: =IFERROR(__xludf.DUMMYFUNCTION("""COMPUTED_VALUE"""),"Pat Freiermuth") -> Pat Freiermuth | F42: =IFERROR(__xludf.DUMMYFUNCTION("""COMPUTED_VALUE"""),"Chris Rodriguez Jr.") -> Chris Rodriguez Jr. | G42: =IFERROR(__xludf.DUMMYFUNCTION("""COMPUTED_VALUE"""),"Jalen McMillan") -> Jalen McMillan | H42: =IFERROR(__xludf.DUMMYFUNCTION("""COMPUTED_VALUE"""),"Washington Commanders") -> Washington Commanders | I42: =IFERROR(__xludf.DUMMYFUNCTION("""COMPUTED_VALUE"""),"Shedeur Sanders") -> Shedeur Sanders | J42: =IFERROR(__xludf.DUMMYFUNCTION("""COMPUTED_VALUE"""),"Jack Bech") -> Jack Bech | K42: =IFERROR(__xludf.DUMMYFUNCTION("""COMPUTED_VALUE"""),"Isaiah Likely") -> Isaiah Likely | L42: =IFERROR(__xludf.DUMMYFUNCTION("""COMPUTED_VALUE"""),"Justice Hill") -> Justice Hill | M42: =IFERROR(__xludf.DUMMYFUNCTION("""COMPUTED_VALUE"""),"Michael Wilson") -> Michael Wilson | N42: =IFERROR(__xludf.DUMMYFUNCTION("""COMPUTED_VALUE"""),"Jake Bates") -> Jake Bates | O42: =IFERROR(__xludf.DUMMYFUNCTION("""COMPUTED_VALUE"""),"Cade Otton") -> Cade Otton | P42: =IFERROR(__xludf.DUMMYFUNCTION("""COMPUTED_VALUE"""),"Amari Cooper") -> Amari Cooper | Q42: =IFERROR(__xludf.DUMMYFUNCTION("""COMPUTED_VALUE"""),"Detroit Lions") -> Detroit Lions | R42: =IFERROR(__xludf.DUMMYFUNCTION("""COMPUTED_VALUE"""),"Darren Waller") -> Darren Waller | S42: =IFERROR(__xludf.DUMMYFUNCTION("""COMPUTED_VALUE"""),"Buffalo Bills") -> Buffalo Bills | T42: =IFERROR(__xludf.DUMMYFUNCTION("""COMPUTED_VALUE"""),"Keaton Mitchell") -> Keaton Mitchell | U42: =IFERROR(__xludf.DUMMYFUNCTION("""COMPUTED_VALUE"""),"Dalton Schultz") -> Dalton Schultz
A43: 12 | B43: =IFERROR(__xludf.DUMMYFUNCTION("FILTER(IMPORTRANGE(""https://docs.google.com/spreadsheets/d/12GwvVQuA_g69mcvi0j1i_hvHTfUoMJzE/edit?gid=1131453096#gid=1131453096"",""'Draft Board'!D37:CX37""), IMPORTRANGE(""https://docs.google.com/spreadsheets/d/12GwvVQuA_g69mcvi0j1i_hvHTfUoMJzE/edit?gid"&"=1131453096#gid=1131453096"",""'Draft Board'!D37:CX37"")<>"""")"),"Seattle Seahawks") -> Seattle Seahawks | C43: =IFERROR(__xludf.DUMMYFUNCTION("""COMPUTED_VALUE"""),"Antonio Gibson") -> Antonio Gibson | D43: =IFERROR(__xludf.DUMMYFUNCTION("""COMPUTED_VALUE"""),"Los Angeles Chargers") -> Los Angeles Chargers | E43: =IFERROR(__xludf.DUMMYFUNCTION("""COMPUTED_VALUE"""),"Tahj Brooks") -> Tahj Brooks | F43: =IFERROR(__xludf.DUMMYFUNCTION("""COMPUTED_VALUE"""),"Jalen Coker") -> Jalen Coker | G43: =IFERROR(__xludf.DUMMYFUNCTION("""COMPUTED_VALUE"""),"Kendre Miller") -> Kendre Miller | H43: =IFERROR(__xludf.DUMMYFUNCTION("""COMPUTED_VALUE"""),"Brandin Cooks") -> Brandin Cooks | I43: =IFERROR(__xludf.DUMMYFUNCTION("""COMPUTED_VALUE"""),"Ka'imi Fairbairn") -> Ka'imi Fairbairn | J43: =IFERROR(__xludf.DUMMYFUNCTION("""COMPUTED_VALUE"""),"Cade Stover") -> Cade Stover | K43: =IFERROR(__xludf.DUMMYFUNCTION("""COMPUTED_VALUE"""),"Kyle Monangai") -> Kyle Monangai | L43: =IFERROR(__xludf.DUMMYFUNCTION("""COMPUTED_VALUE"""),"DeAndre Hopkins") -> DeAndre Hopkins | M43: =IFERROR(__xludf.DUMMYFUNCTION("""COMPUTED_VALUE"""),"Ja'Tavion Sanders") -> Ja'Tavion Sanders | N43: =IFERROR(__xludf.DUMMYFUNCTION("""COMPUTED_VALUE"""),"Jalen Milroe") -> Jalen Milroe | O43: =IFERROR(__xludf.DUMMYFUNCTION("""COMPUTED_VALUE"""),"Jason Sanders") -> Jason Sanders | P43: =IFERROR(__xludf.DUMMYFUNCTION("""COMPUTED_VALUE"""),"Green Bay Packers") -> Green Bay Packers | Q43: =IFERROR(__xludf.DUMMYFUNCTION("""COMPUTED_VALUE"""),"Spencer Rattler") -> Spencer Rattler | R43: =IFERROR(__xludf.DUMMYFUNCTION("""COMPUTED_VALUE"""),"Ollie Gordon II") -> Ollie Gordon II | S43: =IFERROR(__xludf.DUMMYFUNCTION("""COMPUTED_VALUE"""),"Chase McLaughlin") -> Chase McLaughlin | T43: =IFERROR(__xludf.DUMMYFUNCTION("""COMPUTED_VALUE"""),"Los Angeles Rams") -> Los Angeles Rams | U43: =IFERROR(__xludf.DUMMYFUNCTION("""COMPUTED_VALUE"""),"Wil Lutz") -> Wil Lutz
A44: 13 | B44: =IFERROR(__xludf.DUMMYFUNCTION("FILTER(IMPORTRANGE(""https://docs.google.com/spreadsheets/d/12GwvVQuA_g69mcvi0j1i_hvHTfUoMJzE/edit?gid=1131453096#gid=1131453096"",""'Draft Board'!D40:CX40""), IMPORTRANGE(""https://docs.google.com/spreadsheets/d/12GwvVQuA_g69mcvi0j1i_hvHTfUoMJzE/edit?gid"&"=1131453096#gid=1131453096"",""'Draft Board'!D40:CX40"")<>"""")"),"Kirk Cousins") -> Kirk Cousins | C44: =IFERROR(__xludf.DUMMYFUNCTION("""COMPUTED_VALUE"""),"Dallas Cowboys") -> Dallas Cowboys | D44: =IFERROR(__xludf.DUMMYFUNCTION("""COMPUTED_VALUE"""),"Alec Pierce") -> Alec Pierce | E44: =IFERROR(__xludf.DUMMYFUNCTION("""COMPUTED_VALUE"""),"Darius Slayton") -> Darius Slayton | F44: =IFERROR(__xludf.DUMMYFUNCTION("""COMPUTED_VALUE"""),"Adonai Mitchell") -> Adonai Mitchell | G44: =IFERROR(__xludf.DUMMYFUNCTION("""COMPUTED_VALUE"""),"Juwan Johnson") -> Juwan Johnson | H44: =IFERROR(__xludf.DUMMYFUNCTION("""COMPUTED_VALUE"""),"Cole Kmet") -> Cole Kmet | I44: =IFERROR(__xludf.DUMMYFUNCTION("""COMPUTED_VALUE"""),"Jaleel McLaughlin") -> Jaleel McLaughlin | J44: =IFERROR(__xludf.DUMMYFUNCTION("""COMPUTED_VALUE"""),"Gardner Minshew II") -> Gardner Minshew II | K44: =IFERROR(__xludf.DUMMYFUNCTION("""COMPUTED_VALUE"""),"Elic Ayomanor") -> Elic Ayomanor | L44: =IFERROR(__xludf.DUMMYFUNCTION("""COMPUTED_VALUE"""),"Jameis Winston") -> Jameis Winston | M44: =IFERROR(__xludf.DUMMYFUNCTION("""COMPUTED_VALUE"""),"Chris Boswell") -> Chris Boswell | N44: =IFERROR(__xludf.DUMMYFUNCTION("""COMPUTED_VALUE"""),"San Francisco 49ers") -> San Francisco 49ers | O44: =IFERROR(__xludf.DUMMYFUNCTION("""COMPUTED_VALUE"""),"Arizona Cardinals") -> Arizona Cardinals | P44: =IFERROR(__xludf.DUMMYFUNCTION("""COMPUTED_VALUE"""),"Jarquez Hunter") -> Jarquez Hunter | Q44: =IFERROR(__xludf.DUMMYFUNCTION("""COMPUTED_VALUE"""),"Younghoe Koo") -> Younghoe Koo | R44: =IFERROR(__xludf.DUMMYFUNCTION("""COMPUTED_VALUE"""),"Tampa Bay Buccaneers") -> Tampa Bay Buccaneers | S44: =IFERROR(__xludf.DUMMYFUNCTION("""COMPUTED_VALUE"""),"Noah Gray") -> Noah Gray | T44: =IFERROR(__xludf.DUMMYFUNCTION("""COMPUTED_VALUE"""),"Tyler Lockett") -> Tyler Lockett | U44: =IFERROR(__xludf.DUMMYFUNCTION("""COMPUTED_VALUE"""),"Dontayvion Wicks") -> Dontayvion Wicks
A45: 14 | B45: =IFERROR(__xludf.DUMMYFUNCTION("FILTER(IMPORTRANGE(""https://docs.google.com/spreadsheets/d/12GwvVQuA_g69mcvi0j1i_hvHTfUoMJzE/edit?gid=1131453096#gid=1131453096"",""'Draft Board'!D43:CX43""), IMPORTRANGE(""https://docs.google.com/spreadsheets/d/12GwvVQuA_g69mcvi0j1i_hvHTfUoMJzE/edit?gid"&"=1131453096#gid=1131453096"",""'Draft Board'!D43:CX43"")<>"""")"),"Theo Johnson") -> Theo Johnson | C45: =IFERROR(__xludf.DUMMYFUNCTION("""COMPUTED_VALUE"""),"Jake Elliott") -> Jake Elliott | D45: =IFERROR(__xludf.DUMMYFUNCTION("""COMPUTED_VALUE"""),"Chicago Bears") -> Chicago Bears | E45: =IFERROR(__xludf.DUMMYFUNCTION("""COMPUTED_VALUE"""),"Dyami Brown") -> Dyami Brown | F45: =IFERROR(__xludf.DUMMYFUNCTION("""COMPUTED_VALUE"""),"Tyler Bass") -> Tyler Bass | G45: =IFERROR(__xludf.DUMMYFUNCTION("""COMPUTED_VALUE"""),"New York Jets") -> New York Jets | H45: =IFERROR(__xludf.DUMMYFUNCTION("""COMPUTED_VALUE"""),"Dameon Pierce") -> Dameon Pierce | I45: =IFERROR(__xludf.DUMMYFUNCTION("""COMPUTED_VALUE"""),"Pat Bryant") -> Pat Bryant | J45: =IFERROR(__xludf.DUMMYFUNCTION("""COMPUTED_VALUE"""),"Tyler Loop") -> Tyler Loop | K45: =IFERROR(__xludf.DUMMYFUNCTION("""COMPUTED_VALUE"""),"Jalen Royals") -> Jalen Royals | L45: =IFERROR(__xludf.DUMMYFUNCTION("""COMPUTED_VALUE"""),"Devin Neal") -> Devin Neal | M45: =IFERROR(__xludf.DUMMYFUNCTION("""COMPUTED_VALUE"""),"Noah Fant") -> Noah Fant | N45: =IFERROR(__xludf.DUMMYFUNCTION("""COMPUTED_VALUE"""),"Calvin Austin III") -> Calvin Austin III | O45: =IFERROR(__xludf.DUMMYFUNCTION("""COMPUTED_VALUE"""),"Matt Gay") -> Matt Gay | P45: =IFERROR(__xludf.DUMMYFUNCTION("""COMPUTED_VALUE"""),"Evan McPherson") -> Evan McPherson | Q45: =IFERROR(__xludf.DUMMYFUNCTION("""COMPUTED_VALUE"""),"Andrei Iosivas") -> Andrei Iosivas | R45: =IFERROR(__xludf.DUMMYFUNCTION("""COMPUTED_VALUE"""),"Jaylin Noel") -> Jaylin Noel | S45: =IFERROR(__xludf.DUMMYFUNCTION("""COMPUTED_VALUE"""),"Raheem Mostert") -> Raheem Mostert | T45: =IFERROR(__xludf.DUMMYFUNCTION("""COMPUTED_VALUE"""),"Harrison Butker") -> Harrison Butker | U45: =IFERROR(__xludf.DUMMYFUNCTION("""COMPUTED_VALUE"""),"Brashard Smith") -> Brashard Smith
A46: 15 | B46: =IFERROR(__xludf.DUMMYFUNCTION("FILTER(IMPORTRANGE(""https://docs.google.com/spreadsheets/d/12GwvVQuA_g69mcvi0j1i_hvHTfUoMJzE/edit?gid=1131453096#gid=1131453096"",""'Draft Board'!D46:CX46""), IMPORTRANGE(""https://docs.google.com/spreadsheets/d/12GwvVQuA_g69mcvi0j1i_hvHTfUoMJzE/edit?gid"&"=1131453096#gid=1131453096"",""'Draft Board'!D46:CX46"")<>"""")"),"Diontae Johnson") -> Diontae Johnson | C46: =IFERROR(__xludf.DUMMYFUNCTION("""COMPUTED_VALUE"""),"Jalen Nailor") -> Jalen Nailor | D46: =IFERROR(__xludf.DUMMYFUNCTION("""COMPUTED_VALUE"""),"Will Reichard") -> Will Reichard | E46: =IFERROR(__xludf.DUMMYFUNCTION("""COMPUTED_VALUE"""),"Joshua Karty") -> Joshua Karty | F46: =IFERROR(__xludf.DUMMYFUNCTION("""COMPUTED_VALUE"""),"New England Patriots") -> New England Patriots | G46: =IFERROR(__xludf.DUMMYFUNCTION("""COMPUTED_VALUE"""),"Daniel Carlson") -> Daniel Carlson | H46: =IFERROR(__xludf.DUMMYFUNCTION("""COMPUTED_VALUE"""),"Cairo Santos") -> Cairo Santos | I46: =IFERROR(__xludf.DUMMYFUNCTION("""COMPUTED_VALUE"""),"Elijah Mitchell") -> Elijah Mitchell | J46: =IFERROR(__xludf.DUMMYFUNCTION("""COMPUTED_VALUE"""),"Atlanta Falcons") -> Atlanta Falcons | K46: =IFERROR(__xludf.DUMMYFUNCTION("""COMPUTED_VALUE"""),"Brandon McManus") -> Brandon McManus | L46: =IFERROR(__xludf.DUMMYFUNCTION("""COMPUTED_VALUE"""),"Devaughn Vele") -> Devaughn Vele | M46: =IFERROR(__xludf.DUMMYFUNCTION("""COMPUTED_VALUE"""),"New York Giants") -> New York Giants | N46: =IFERROR(__xludf.DUMMYFUNCTION("""COMPUTED_VALUE"""),"Sean Tucker") -> Sean Tucker | O46: =IFERROR(__xludf.DUMMYFUNCTION("""COMPUTED_VALUE"""),"Indianapolis Colts") -> Indianapolis Colts | P46: =IFERROR(__xludf.DUMMYFUNCTION("""COMPUTED_VALUE"""),"Cleveland Browns") -> Cleveland Browns | Q46: =IFERROR(__xludf.DUMMYFUNCTION("""COMPUTED_VALUE"""),"Ty Johnson") -> Ty Johnson | R46: =IFERROR(__xludf.DUMMYFUNCTION("""COMPUTED_VALUE"""),"Cam Little") -> Cam Little | S46: =IFERROR(__xludf.DUMMYFUNCTION("""COMPUTED_VALUE"""),"Trevor Etienne") -> Trevor Etienne | T46: =IFERROR(__xludf.DUMMYFUNCTION("""COMPUTED_VALUE"""),"Roman Wilson") -> Roman Wilson | U46: =IFERROR(__xludf.DUMMYFUNCTION("""COMPUTED_VALUE"""),"Jalen Tolbert") -> Jalen Tolbert

Sheet 2. theBoys
B1: Team-Name: the Boys
B3: Running Back | C3: (Team) | D3: Wide Receiver | E3: (Team) | F3: Tight End | G3: (Team) | H3: Quarterback | I3: (Team) | J3: Kicker | K3: (Team) | L3: Defense | N3: Draft Reihenfolge (Positions)
A4: 1 | B4: Barkley | C4: Eagles | D4: Chase | E4: Bengales | F4: Bowers | G4: Raiders | H4: Prescott | I4: Cowboys | J4: Aubery | K4: Cowboys | L4: Cowboys | N4: 1. Runde | O4: RB 1 | P4: 2 | Q4: 0.043055556
A5: 2 | B5: Cook | C5: Bills | D5: McLaurin | E5: Comma. | F5: McPride | G5: Cardinals | H5: Herbert | I5: Chargers | J5: Bates | K5: Lions | L5: Eagles | N5: 2. Runde | O5: WR 1 | P5: 39 | Q5: 0.096527778
A6: 3 | B6: Hubbard | C6: Panthers | D6: Smith-Njigba | E6: Seahawks | F6: LaPorta | G6: Lions | H6: Love | I6: Packers | J6: Lutz | K6: Broncos | L6: Ravens | N6: 3. Runde | O6: RB 2 | P6: 42 | Q6: 0.12638889
A7: 4 | B7: Hall | C7: Jets | D7: Wilson | E7: Jets | F7: Kittle | G7: 49ers | H7: Goff | I7: Lions | J7: Dicker | K7: Chargers | L7: Steelers | N7: 4. Runde | O7: WR 2 | P7: 79 | Q7: 0.17986111
A8: 5 | B8: Conner | C8: Cardinals | D8: Metcalf | E8: Steelers | F8: Kelce | G8: Chiefs | H8: Maye | I8: Patriots | J8: McLaughlin | K8: Bucs | L8: Broncos | N8: 5. Runde | O8: QB 1 | P8: 82 | Q8: 0.20972222
A9: 6 | B9: Warren | C9: Steelers | D9: Waddle | E9: Dolphins | F9: Hockenson | G9: Vikings | H9: Nix | I9: Broncos | J9: Boswell | K9: Steelers | L9: Bills | N9: 6. Runde | O9: TE 1 | P9: 119 | Q9: 0.26319444
A10: 7 | B10: Etienne Jr. | C10: Jaguars | D10: Olave | E10: Saints | F10: Andrews | G10: Ravens | H10: Lawrence | I10: Jaguars | J10: Bass | K10: Bills | L10: Seahawks | N10: 7. Runde | O10: RB | P10: 122 | Q10: 0.29305556
A11: 8 | B11: Mason | C11: Vikings | D11: Odunze | E11: Bears | F11: Engram | G11: Broncos | H11: Stroud | I11: Texans | J11: Elliott | K11: Eagles | L11: Chiefs | N11: 8. Runde | O11: WR | P11: 159 | Q11: 0.34652778
A12: 9 | B12: Skattebo | C12: Giants | D12: Jeudy | E12: Browns | F12: Pitts | G12: Falcons | H12: Williams | I12: Bears | J12: Koo | K12: Falcons | L12: Rams | N12: 9. Runde | O12: Def 1 | P12: 162 | Q12: 0.37638889
A13: 10 | B13: White | C13: Bucs | D13: Addison | E13: Vikings | F13: Ferguson | G13: Cowboys | H13: Purdy | I13: 49ers | J13: Fairbairn | K13: Texas | L13: Lions | N13: 10. Runde | O13: QB2 | P13: 199 | Q13: 0.42986111
A14: 11 | B14: Williams | C14: Cowboys | D14: Kirk | E14: Texans | F14: Njoku | G14: Browns | H14: Stafford | I14: Rams | J14: McPherson | K14: Bengales | L14: Jets | N14: 11. Runde | O14: RB | P14: 202 | Q14: 0.45972222
A15: 12 | B15: Allgeier | C15: Falcons | D15: McMillan | E15: Bucs | F15: Kraft | G15: Packers | H15: Smith | I15: Raiders | J15: Carlson | K15: Raiders | L15: Texans | N15: 12. Runde | O15: TE2 | P15: 239 | Q15: 0.51319444
... A18: 15 | B18: Giddens | C18: Colts | D18: Williams | E18: Patriots | F18: Henry | G18: Patriots | H18: Young | I18: Panthers | J18: McManus | K18: Packers | L18: 49ers | N18: 15. Runde | O18: WR | P18: 282 | Q18: 0.62638889
A19: 16 | B19: Spears | C19: Titans | D19: Palmer | E19: Bills | F19: Otton | G19: Bucs | H19: McCarthy | I19: Vikings | J19: Reichard | K19: Vikings | L19: Falcons
A20: 17 | B20: Dobbins | C20: Broncos | D20: Bech | E20: Raiders | F20: Goedert | G20: Eagles | H20: Penix Jr. | I20: Falcons | J20: Gay | K20: Comma. | L20: Comma.
A21: 18 | B21: Shipley | C21: Eagles | D21: Thielen | E21: Panthers | F21: Smith | G21: Steelers | H21: Richardson Sr. | I21: Colts | J21: Karty | K21: Rams | L21: Giants
A22: 19 | B22: Blue | C22: Cowboys | D22: Tillman | E22: Browns | F22: Schultz | G22: Texans | H22: Darnold | I22: Seahawks | J22: Butker | K22: Chiefs | L22: Browns
A23: 20 | B23: Gibson | C23: Patriots | D23: Nailor | E23: Vikings | F23: Ertz | G23: Comma. | H23: Rodgers | I23: Steelers | J23: Gano | K23: Giants | L23: Patriots
A24: 21 | D24: Tolbert | E24: Cowboys
A25: 22 | D25: Turpin | E25: Cowboys
A31: Import
A32: 1 | B32: =IFERROR(__xludf.DUMMYFUNCTION("FILTER(IMPORTRANGE(""https://docs.google.com/spreadsheets/d/12GwvVQuA_g69mcvi0j1i_hvHTfUoMJzE/edit?gid=1131453096#gid=1131453096"",""'Draft Board'!D4:CX4""), IMPORTRANGE(""https://docs.google.com/spreadsheets/d/12GwvVQuA_g69mcvi0j1i_hvHTfUoMJzE/edit?gid=1"&"131453096#gid=1131453096"",""'Draft Board'!D4:CX4"")<>"""")"),"Ja'Marr Chase") -> Ja'Marr Chase | C32: =IFERROR(__xludf.DUMMYFUNCTION("""COMPUTED_VALUE"""),"Bijan Robinson") -> Bijan Robinson | D32: =IFERROR(__xludf.DUMMYFUNCTION("""COMPUTED_VALUE"""),"Jahmyr Gibbs") -> Jahmyr Gibbs | E32: =IFERROR(__xludf.DUMMYFUNCTION("""COMPUTED_VALUE"""),"CeeDee Lamb") -> CeeDee Lamb | F32: =IFERROR(__xludf.DUMMYFUNCTION("""COMPUTED_VALUE"""),"Saquon Barkley") -> Saquon Barkley | G32: =IFERROR(__xludf.DUMMYFUNCTION("""COMPUTED_VALUE"""),"Justin Jefferson") -> Justin Jefferson | H32: =IFERROR(__xludf.DUMMYFUNCTION("""COMPUTED_VALUE"""),"De'Von Achane") -> De'Von Achane | I32: =IFERROR(__xludf.DUMMYFUNCTION("""COMPUTED_VALUE"""),"Puka Nacua") -> Puka Nacua | J32: =IFERROR(__xludf.DUMMYFUNCTION("""COMPUTED_VALUE"""),"Malik Nabers") -> Malik Nabers | K32: =IFERROR(__xludf.DUMMYFUNCTION("""COMPUTED_VALUE"""),"Nico Collins") -> Nico Collins | L32: =IFERROR(__xludf.DUMMYFUNCTION("""COMPUTED_VALUE"""),"Christian McCaffrey") -> Christian McCaffrey | M32: =IFERROR(__xludf.DUMMYFUNCTION("""COMPUTED_VALUE"""),"Amon-Ra St. Brown") -> Amon-Ra St. Brown | N32: =IFERROR(__xludf.DUMMYFUNCTION("""COMPUTED_VALUE"""),"Ashton Jeanty") -> Ashton Jeanty | O32: =IFERROR(__xludf.DUMMYFUNCTION("""COMPUTED_VALUE"""),"Garrett Wilson") -> Garrett Wilson | P32: =IFERROR(__xludf.DUMMYFUNCTION("""COMPUTED_VALUE"""),"Tyreek Hill") -> Tyreek Hill | Q32: =IFERROR(__xludf.DUMMYFUNCTION("""COMPUTED_VALUE"""),"Derrick Henry") -> Derrick Henry | R32: =IFERROR(__xludf.DUMMYFUNCTION("""COMPUTED_VALUE"""),"Ladd McConkey") -> Ladd McConkey | S32: =IFERROR(__xludf.DUMMYFUNCTION("""COMPUTED_VALUE"""),"Josh Jacobs") -> Josh Jacobs | T32: =IFERROR(__xludf.DUMMYFUNCTION("""COMPUTED_VALUE"""),"Drake London") -> Drake London | U32: =IFERROR(__xludf.DUMMYFUNCTION("""COMPUTED_VALUE"""),"Chase Brown") -> Chase Brown
A33: 2 | B33: =IFERROR(__xludf.DUMMYFUNCTION("FILTER(IMPORTRANGE(""https://docs.google.com/spreadsheets/d/12GwvVQuA_g69mcvi0j1i_hvHTfUoMJzE/edit?gid=1131453096#gid=1131453096"",""'Draft Board'!D7:CX7""), IMPORTRANGE(""https://docs.google.com/spreadsheets/d/12GwvVQuA_g69mcvi0j1i_hvHTfUoMJzE/edit?gid=1"&"131453096#gid=1131453096"",""'Draft Board'!D7:CX7"")<>"""")"),"David Montgomery") -> David Montgomery | C33: =IFERROR(__xludf.DUMMYFUNCTION("""COMPUTED_VALUE"""),"Mike Evans") -> Mike Evans | D33: =IFERROR(__xludf.DUMMYFUNCTION("""COMPUTED_VALUE"""),"James Conner") -> James Conner | E33: =IFERROR(__xludf.DUMMYFUNCTION("""COMPUTED_VALUE"""),"Chuba Hubbard") -> Chuba Hubbard | F33: =IFERROR(__xludf.DUMMYFUNCTION("""COMPUTED_VALUE"""),"Josh Allen") -> Josh Allen | G33: =IFERROR(__xludf.DUMMYFUNCTION("""COMPUTED_VALUE"""),"TreVeyon Henderson") -> TreVeyon Henderson | H33: =IFERROR(__xludf.DUMMYFUNCTION("""COMPUTED_VALUE"""),"Lamar Jackson") -> Lamar Jackson | I33: =IFERROR(__xludf.DUMMYFUNCTION("""COMPUTED_VALUE"""),"James Cook") -> James Cook | J33: =IFERROR(__xludf.DUMMYFUNCTION("""COMPUTED_VALUE"""),"Omarion Hampton") -> Omarion Hampton | K33: =IFERROR(__xludf.DUMMYFUNCTION("""COMPUTED_VALUE"""),"Tee Higgins") -> Tee Higgins | L33: =IFERROR(__xludf.DUMMYFUNCTION("""COMPUTED_VALUE"""),"Jaxon Smith-Njigba") -> Jaxon Smith-Njigba | M33: =IFERROR(__xludf.DUMMYFUNCTION("""COMPUTED_VALUE"""),"Kenneth Walker III") -> Kenneth Walker III | N33: =IFERROR(__xludf.DUMMYFUNCTION("""COMPUTED_VALUE"""),"Alvin Kamara") -> Alvin Kamara | O33: =IFERROR(__xludf.DUMMYFUNCTION("""COMPUTED_VALUE"""),"Breece Hall") -> Breece Hall | P33: =IFERROR(__xludf.DUMMYFUNCTION("""COMPUTED_VALUE"""),"Bucky Irving") -> Bucky Irving | Q33: =IFERROR(__xludf.DUMMYFUNCTION("""COMPUTED_VALUE"""),"A.J. Brown") -> A.J. Brown | R33: =IFERROR(__xludf.DUMMYFUNCTION("""COMPUTED_VALUE"""),"Jonathan Taylor") -> Jonathan Taylor | S33: =IFERROR(__xludf.DUMMYFUNCTION("""COMPUTED_VALUE"""),"Kyren Williams") -> Kyren Williams | T33: =IFERROR(__xludf.DUMMYFUNCTION("""COMPUTED_VALUE"""),"Brock Bowers") -> Brock Bowers | U33: =IFERROR(__xludf.DUMMYFUNCTION("""COMPUTED_VALUE"""),"Brian Thomas Jr.") -> Brian Thomas Jr.
A34: 3 | B34: =IFERROR(__xludf.DUMMYFUNCTION("FILTER(IMPORTRANGE(""https://docs.google.com/spreadsheets/d/12GwvVQuA_g69mcvi0j1i_hvHTfUoMJzE/edit?gid=1131453096#gid=1131453096"",""'Draft Board'!D10:CX10""), IMPORTRANGE(""https://docs.google.com/spreadsheets/d/12GwvVQuA_g69mcvi0j1i_hvHTfUoMJzE/edit?gid"&"=1131453096#gid=1131453096"",""'Draft Board'!D10:CX10"")<>"""")"),"Davante Adams") -> Davante Adams | C34: =IFERROR(__xludf.DUMMYFUNCTION("""COMPUTED_VALUE"""),"RJ Harvey") -> RJ Harvey | D34: =IFERROR(__xludf.DUMMYFUNCTION("""COMPUTED_VALUE"""),"Terry McLaurin") -> Terry McLaurin | E34: =IFERROR(__xludf.DUMMYFUNCTION("""COMPUTED_VALUE"""),"Jayden Daniels") -> Jayden Daniels | F34: =IFERROR(__xludf.DUMMYFUNCTION("""COMPUTED_VALUE"""),"Marvin Harrison Jr.") -> Marvin Harrison Jr. | G34: =IFERROR(__xludf.DUMMYFUNCTION("""COMPUTED_VALUE"""),"DJ Moore") -> DJ Moore | H34: =IFERROR(__xludf.DUMMYFUNCTION("""COMPUTED_VALUE"""),"Trey McBride") -> Trey McBride | I34: =IFERROR(__xludf.DUMMYFUNCTION("""COMPUTED_VALUE"""),"Jalen Hurts") -> Jalen Hurts | J34: =IFERROR(__xludf.DUMMYFUNCTION("""COMPUTED_VALUE"""),"Calvin Ridley") -> Calvin Ridley | K34: =IFERROR(__xludf.DUMMYFUNCTION("""COMPUTED_VALUE"""),"George Kittle") -> George Kittle | L34: =IFERROR(__xludf.DUMMYFUNCTION("""COMPUTED_VALUE"""),"D'Andre Swift") -> D'Andre Swift | M34: =IFERROR(__xludf.DUMMYFUNCTION("""COMPUTED_VALUE"""),"Tony Pollard") -> Tony Pollard | N34: =IFERROR(__xludf.DUMMYFUNCTION("""COMPUTED_VALUE"""),"DK Metcalf") -> DK Metcalf | O34: =IFERROR(__xludf.DUMMYFUNCTION("""COMPUTED_VALUE"""),"Rhamondre Stevenson") -> Rhamondre Stevenson | P34: =IFERROR(__xludf.DUMMYFUNCTION("""COMPUTED_VALUE"""),"DeVonta Smith") -> DeVonta Smith | Q34: =IFERROR(__xludf.DUMMYFUNCTION("""COMPUTED_VALUE"""),"Aaron Jones Sr.") -> Aaron Jones Sr. | R34: =IFERROR(__xludf.DUMMYFUNCTION("""COMPUTED_VALUE"""),"Courtland Sutton") -> Courtland Sutton | S34: =IFERROR(__xludf.DUMMYFUNCTION("""COMPUTED_VALUE"""),"Jerry Jeudy") -> Jerry Jeudy | T34: =IFERROR(__xludf.DUMMYFUNCTION("""COMPUTED_VALUE"""),"Isiah Pacheco") -> Isiah Pacheco | U34: =IFERROR(__xludf.DUMMYFUNCTION("""COMPUTED_VALUE"""),"Joe Burrow") -> Joe Burrow
A35: 4 | B35: =IFERROR(__xludf.DUMMYFUNCTION("FILTER(IMPORTRANGE(""https://docs.google.com/spreadsheets/d/12GwvVQuA_g69mcvi0j1i_hvHTfUoMJzE/edit?gid=1131453096#gid=1131453096"",""'Draft Board'!D13:CX13""), IMPORTRANGE(""https://docs.google.com/spreadsheets/d/12GwvVQuA_g69mcvi0j1i_hvHTfUoMJzE/edit?gid"&"=1131453096#gid=1131453096"",""'Draft Board'!D13:CX13"")<>"""")"),"David Njoku") -> David Njoku | C35: =IFERROR(__xludf.DUMMYFUNCTION("""COMPUTED_VALUE"""),"Rome Odunze") -> Rome Odunze | D35: =IFERROR(__xludf.DUMMYFUNCTION("""COMPUTED_VALUE"""),"Jakobi Meyers") -> Jakobi Meyers | E35: =IFERROR(__xludf.DUMMYFUNCTION("""COMPUTED_VALUE"""),"Tucker Kraft") -> Tucker Kraft | F35: =IFERROR(__xludf.DUMMYFUNCTION("""COMPUTED_VALUE"""),"George Pickens") -> George Pickens | G35: =IFERROR(__xludf.DUMMYFUNCTION("""COMPUTED_VALUE"""),"Travis Etienne Jr.") -> Travis Etienne Jr. | H35: =IFERROR(__xludf.DUMMYFUNCTION("""COMPUTED_VALUE"""),"Xavier Worthy") -> Xavier Worthy | I35: =IFERROR(__xludf.DUMMYFUNCTION("""COMPUTED_VALUE"""),"Jaylen Warren") -> Jaylen Warren | J35: =IFERROR(__xludf.DUMMYFUNCTION("""COMPUTED_VALUE"""),"Javonte Williams") -> Javonte Williams | K35: =IFERROR(__xludf.DUMMYFUNCTION("""COMPUTED_VALUE"""),"Travis Hunter") -> Travis Hunter | L35: =IFERROR(__xludf.DUMMYFUNCTION("""COMPUTED_VALUE"""),"T.J. Hockenson") -> T.J. Hockenson | M35: =IFERROR(__xludf.DUMMYFUNCTION("""COMPUTED_VALUE"""),"Chris Olave") -> Chris Olave | N35: =IFERROR(__xludf.DUMMYFUNCTION("""COMPUTED_VALUE"""),"Jaylen Waddle") -> Jaylen Waddle | O35: =IFERROR(__xludf.DUMMYFUNCTION("""COMPUTED_VALUE"""),"Mark Andrews") -> Mark Andrews | P35: =IFERROR(__xludf.DUMMYFUNCTION("""COMPUTED_VALUE"""),"Tyrone Tracy Jr.") -> Tyrone Tracy Jr. | Q35: =IFERROR(__xludf.DUMMYFUNCTION("""COMPUTED_VALUE"""),"Travis Kelce") -> Travis Kelce | R35: =IFERROR(__xludf.DUMMYFUNCTION("""COMPUTED_VALUE"""),"Zay Flowers") -> Zay Flowers | S35: =IFERROR(__xludf.DUMMYFUNCTION("""COMPUTED_VALUE"""),"Sam LaPorta") -> Sam LaPorta | T35: =IFERROR(__xludf.DUMMYFUNCTION("""COMPUTED_VALUE"""),"Tetairoa McMillan") -> Tetairoa McMillan | U35: =IFERROR(__xludf.DUMMYFUNCTION("""COMPUTED_VALUE"""),"Kaleb Johnson") -> Kaleb Johnson
A36: 5 | B36: =IFERROR(__xludf.DUMMYFUNCTION("FILTER(IMPORTRANGE(""https://docs.google.com/spreadsheets/d/12GwvVQuA_g69mcvi0j1i_hvHTfUoMJzE/edit?gid=1131453096#gid=1131453096"",""'Draft Board'!D16:CX16""), IMPORTRANGE(""https://docs.google.com/spreadsheets/d/12GwvVQuA_g69mcvi0j1i_hvHTfUoMJzE/edit?gid"&"=1131453096#gid=1131453096"",""'Draft Board'!D16:CX16"")<>"""")"),"Brian Robinson Jr.") -> Brian Robinson Jr. | C36: =IFERROR(__xludf.DUMMYFUNCTION("""COMPUTED_VALUE"""),"Dak Prescott") -> Dak Prescott | D36: =IFERROR(__xludf.DUMMYFUNCTION("""COMPUTED_VALUE"""),"Zach Charbonnet") -> Zach Charbonnet | E36: =IFERROR(__xludf.DUMMYFUNCTION("""COMPUTED_VALUE"""),"Joe Mixon") -> Joe Mixon | F36: =IFERROR(__xludf.DUMMYFUNCTION("""COMPUTED_VALUE"""),"J.K. Dobbins") -> J.K. Dobbins | G36: =IFERROR(__xludf.DUMMYFUNCTION("""COMPUTED_VALUE"""),"Patrick Mahomes II") -> Patrick Mahomes II | H36: =IFERROR(__xludf.DUMMYFUNCTION("""COMPUTED_VALUE"""),"Ricky Pearsall") -> Ricky Pearsall | I36: =IFERROR(__xludf.DUMMYFUNCTION("""COMPUTED_VALUE"""),"Jameson Williams") -> Jameson Williams | J36: =IFERROR(__xludf.DUMMYFUNCTION("""COMPUTED_VALUE"""),"Tyler Warren") -> Tyler Warren | K36: =IFERROR(__xludf.DUMMYFUNCTION("""COMPUTED_VALUE"""),"Jordan Mason") -> Jordan Mason | L36: =IFERROR(__xludf.DUMMYFUNCTION("""COMPUTED_VALUE"""),"Baker Mayfield") -> Baker Mayfield | M36: =IFERROR(__xludf.DUMMYFUNCTION("""COMPUTED_VALUE"""),"Deebo Samuel Sr.") -> Deebo Samuel Sr. | N36: =IFERROR(__xludf.DUMMYFUNCTION("""COMPUTED_VALUE"""),"Bo Nix") -> Bo Nix | O36: =IFERROR(__xludf.DUMMYFUNCTION("""COMPUTED_VALUE"""),"Chris Godwin") -> Chris Godwin | P36: =IFERROR(__xludf.DUMMYFUNCTION("""COMPUTED_VALUE"""),"Emeka Egbuka") -> Emeka Egbuka | Q36: =IFERROR(__xludf.DUMMYFUNCTION("""COMPUTED_VALUE"""),"Rashee Rice") -> Rashee Rice | R36: =IFERROR(__xludf.DUMMYFUNCTION("""COMPUTED_VALUE"""),"Quinshon Judkins") -> Quinshon Judkins | S36: =IFERROR(__xludf.DUMMYFUNCTION("""COMPUTED_VALUE"""),"Matthew Golden") -> Matthew Golden | T36: =IFERROR(__xludf.DUMMYFUNCTION("""COMPUTED_VALUE"""),"Austin Ekeler") -> Austin Ekeler | U36: =IFERROR(__xludf.DUMMYFUNCTION("""COMPUTED_VALUE"""),"Stefon Diggs") -> Stefon Diggs
A37: 6 | B37: =IFERROR(__xludf.DUMMYFUNCTION("FILTER(IMPORTRANGE(""https://docs.google.com/spreadsheets/d/12GwvVQuA_g69mcvi0j1i_hvHTfUoMJzE/edit?gid=1131453096#gid=1131453096"",""'Draft Board'!D19:CX19""), IMPORTRANGE(""https://docs.google.com/spreadsheets/d/12GwvVQuA_g69mcvi0j1i_hvHTfUoMJzE/edit?gid"&"=1131453096#gid=1131453096"",""'Draft Board'!D19:CX19"")<>"""")"),"Brock Purdy") -> Brock Purdy | C37: =IFERROR(__xludf.DUMMYFUNCTION("""COMPUTED_VALUE"""),"Colston Loveland") -> Colston Loveland | D37: =IFERROR(__xludf.DUMMYFUNCTION("""COMPUTED_VALUE"""),"Justin Herbert") -> Justin Herbert | E37: =IFERROR(__xludf.DUMMYFUNCTION("""COMPUTED_VALUE"""),"Jauan Jennings") -> Jauan Jennings | F37: =IFERROR(__xludf.DUMMYFUNCTION("""COMPUTED_VALUE"""),"Jayden Reed") -> Jayden Reed | G37: =IFERROR(__xludf.DUMMYFUNCTION("""COMPUTED_VALUE"""),"Hunter Henry") -> Hunter Henry | H37: =IFERROR(__xludf.DUMMYFUNCTION("""COMPUTED_VALUE"""),"Tyjae Spears") -> Tyjae Spears | I37: =IFERROR(__xludf.DUMMYFUNCTION("""COMPUTED_VALUE"""),"Dallas Goedert") -> Dallas Goedert | J37: =IFERROR(__xludf.DUMMYFUNCTION("""COMPUTED_VALUE"""),"Dalton Kincaid") -> Dalton Kincaid | K37: =IFERROR(__xludf.DUMMYFUNCTION("""COMPUTED_VALUE"""),"Jacory Croskey-Merritt") -> Jacory Croskey-Merritt | L37: =IFERROR(__xludf.DUMMYFUNCTION("""COMPUTED_VALUE"""),"Khalil Shakir") -> Khalil Shakir | M37: =IFERROR(__xludf.DUMMYFUNCTION("""COMPUTED_VALUE"""),"Najee Harris") -> Najee Harris | N37: =IFERROR(__xludf.DUMMYFUNCTION("""COMPUTED_VALUE"""),"Jake Ferguson") -> Jake Ferguson | O37: =IFERROR(__xludf.DUMMYFUNCTION("""COMPUTED_VALUE"""),"Christian Kirk") -> Christian Kirk | P37: =IFERROR(__xludf.DUMMYFUNCTION("""COMPUTED_VALUE"""),"Jared Goff") -> Jared Goff | Q37: =IFERROR(__xludf.DUMMYFUNCTION("""COMPUTED_VALUE"""),"Cam Skattebo") -> Cam Skattebo | R37: =IFERROR(__xludf.DUMMYFUNCTION("""COMPUTED_VALUE"""),"Nick Chubb") -> Nick Chubb | S37: =IFERROR(__xludf.DUMMYFUNCTION("""COMPUTED_VALUE"""),"Jordan Love") -> Jordan Love | T37: =IFERROR(__xludf.DUMMYFUNCTION("""COMPUTED_VALUE"""),"Kyler Murray") -> Kyler Murray | U37: =IFERROR(__xludf.DUMMYFUNCTION("""COMPUTED_VALUE"""),"Evan Engram") -> Evan Engram
A38: 7 | B38: =IFERROR(__xludf.DUMMYFUNCTION("FILTER(IMPORTRANGE(""https://docs.google.com/spreadsheets/d/12GwvVQuA_g69mcvi0j1i_hvHTfUoMJzE/edit?gid=1131453096#gid=1131453096"",""'Draft Board'!D22:CX22""), IMPORTRANGE(""https://docs.google.com/spreadsheets/d/12GwvVQuA_g69mcvi0j1i_hvHTfUoMJzE/edit?gid"&"=1131453096#gid=1131453096"",""'Draft Board'!D22:CX22"")<>"""")"),"Rachaad White") -> Rachaad White | C38: =IFERROR(__xludf.DUMMYFUNCTION("""COMPUTED_VALUE"""),"Josh Downs") -> Josh Downs | D38: =IFERROR(__xludf.DUMMYFUNCTION("""COMPUTED_VALUE"""),"Jerome Ford") -> Jerome Ford | E38: =IFERROR(__xludf.DUMMYFUNCTION("""COMPUTED_VALUE"""),"Denver Broncos") -> Denver Broncos | F38: =IFERROR(__xludf.DUMMYFUNCTION("""COMPUTED_VALUE"""),"Bhayshul Tuten") -> Bhayshul Tuten | G38: =IFERROR(__xludf.DUMMYFUNCTION("""COMPUTED_VALUE"""),"Tank Bigsby") -> Tank Bigsby | H38: =IFERROR(__xludf.DUMMYFUNCTION("""COMPUTED_VALUE"""),"Cooper Kupp") -> Cooper Kupp | I38: =IFERROR(__xludf.DUMMYFUNCTION("""COMPUTED_VALUE"""),"Jordan Addison") -> Jordan Addison | J38: =IFERROR(__xludf.DUMMYFUNCTION("""COMPUTED_VALUE"""),"Rashod Bateman") -> Rashod Bateman | K38: =IFERROR(__xludf.DUMMYFUNCTION("""COMPUTED_VALUE"""),"Ray Davis") -> Ray Davis | L38: =IFERROR(__xludf.DUMMYFUNCTION("""COMPUTED_VALUE"""),"Braelon Allen") -> Braelon Allen | M38: =IFERROR(__xludf.DUMMYFUNCTION("""COMPUTED_VALUE"""),"C.J. Stroud") -> C.J. Stroud | N38: =IFERROR(__xludf.DUMMYFUNCTION("""COMPUTED_VALUE"""),"Michael Pittman Jr.") -> Michael Pittman Jr. | O38: =IFERROR(__xludf.DUMMYFUNCTION("""COMPUTED_VALUE"""),"Anthony Richardson Sr.") -> Anthony Richardson Sr. | P38: =IFERROR(__xludf.DUMMYFUNCTION("""COMPUTED_VALUE"""),"Luther Burden III") -> Luther Burden III | Q38: =IFERROR(__xludf.DUMMYFUNCTION("""COMPUTED_VALUE"""),"Justin Fields") -> Justin Fields | R38: =IFERROR(__xludf.DUMMYFUNCTION("""COMPUTED_VALUE"""),"Kyle Pitts Sr.") -> Kyle Pitts Sr. | S38: =IFERROR(__xludf.DUMMYFUNCTION("""COMPUTED_VALUE"""),"Wan'Dale Robinson") -> Wan'Dale Robinson | T38: =IFERROR(__xludf.DUMMYFUNCTION("""COMPUTED_VALUE"""),"Jaydon Blue") -> Jaydon Blue | U38: =IFERROR(__xludf.DUMMYFUNCTION("""COMPUTED_VALUE"""),"Trey Benson") -> Trey Benson
A39: 8 | B39: =IFERROR(__xludf.DUMMYFUNCTION("FILTER(IMPORTRANGE(""https://docs.google.com/spreadsheets/d/12GwvVQuA_g69mcvi0j1i_hvHTfUoMJzE/edit?gid=1131453096#gid=1131453096"",""'Draft Board'!D25:CX25""), IMPORTRANGE(""https://docs.google.com/spreadsheets/d/12GwvVQuA_g69mcvi0j1i_hvHTfUoMJzE/edit?gid"&"=1131453096#gid=1131453096"",""'Draft Board'!D25:CX25"")<>"""")"),"Cedric Tillman") -> Cedric Tillman | C39: =IFERROR(__xludf.DUMMYFUNCTION("""COMPUTED_VALUE"""),"Zach Ertz") -> Zach Ertz | D39: =IFERROR(__xludf.DUMMYFUNCTION("""COMPUTED_VALUE"""),"Jayden Higgins") -> Jayden Higgins | E39: =IFERROR(__xludf.DUMMYFUNCTION("""COMPUTED_VALUE"""),"Dylan Sampson") -> Dylan Sampson | F39: =IFERROR(__xludf.DUMMYFUNCTION("""COMPUTED_VALUE"""),"Brenton Strange") -> Brenton Strange | G39: =IFERROR(__xludf.DUMMYFUNCTION("""COMPUTED_VALUE"""),"Keon Coleman") -> Keon Coleman | H39: =IFERROR(__xludf.DUMMYFUNCTION("""COMPUTED_VALUE"""),"Rico Dowdle") -> Rico Dowdle | I39: =IFERROR(__xludf.DUMMYFUNCTION("""COMPUTED_VALUE"""),"Houston Texans") -> Houston Texans | J39: =IFERROR(__xludf.DUMMYFUNCTION("""COMPUTED_VALUE"""),"Jaylen Wright") -> Jaylen Wright | K39: =IFERROR(__xludf.DUMMYFUNCTION("""COMPUTED_VALUE"""),"Drake Maye") -> Drake Maye | L39: =IFERROR(__xludf.DUMMYFUNCTION("""COMPUTED_VALUE"""),"Brandon Aiyuk") -> Brandon Aiyuk | M39: =IFERROR(__xludf.DUMMYFUNCTION("""COMPUTED_VALUE"""),"Geno Smith") -> Geno Smith | N39: =IFERROR(__xludf.DUMMYFUNCTION("""COMPUTED_VALUE"""),"Isaac Guerendo") -> Isaac Guerendo | O39: =IFERROR(__xludf.DUMMYFUNCTION("""COMPUTED_VALUE"""),"Tyler Allgeier") -> Tyler Allgeier | P39: =IFERROR(__xludf.DUMMYFUNCTION("""COMPUTED_VALUE"""),"Trevor Lawrence") -> Trevor Lawrence | Q39: =IFERROR(__xludf.DUMMYFUNCTION("""COMPUTED_VALUE"""),"Rashid Shaheed") -> Rashid Shaheed | R39: =IFERROR(__xludf.DUMMYFUNCTION("""COMPUTED_VALUE"""),"Caleb Williams") -> Caleb Williams | S39: =IFERROR(__xludf.DUMMYFUNCTION("""COMPUTED_VALUE"""),"Darnell Mooney") -> Darnell Mooney | T39: =IFERROR(__xludf.DUMMYFUNCTION("""COMPUTED_VALUE"""),"Marvin Mims Jr.") -> Marvin Mims Jr. | U39: =IFERROR(__xludf.DUMMYFUNCTION("""COMPUTED_VALUE"""),"Philadelphia Eagles") -> Philadelphia Eagles
A40: 9 | B40: =IFERROR(__xludf.DUMMYFUNCTION("FILTER(IMPORTRANGE(""https://docs.google.com/spreadsheets/d/12GwvVQuA_g69mcvi0j1i_hvHTfUoMJzE/edit?gid=1131453096#gid=1131453096"",""'Draft Board'!D28:CX28""), IMPORTRANGE(""https://docs.google.com/spreadsheets/d/12GwvVQuA_g69mcvi0j1i_hvHTfUoMJzE/edit?gid"&"=1131453096#gid=1131453096"",""'Draft Board'!D28:CX28"")<>"""")"),"Roschon Johnson") -> Roschon Johnson | C40: =IFERROR(__xludf.DUMMYFUNCTION("""COMPUTED_VALUE"""),"Baltimore Ravens") -> Baltimore Ravens | D40: =IFERROR(__xludf.DUMMYFUNCTION("""COMPUTED_VALUE"""),"Elijah Arroyo") -> Elijah Arroyo | E40: =IFERROR(__xludf.DUMMYFUNCTION("""COMPUTED_VALUE"""),"Romeo Doubs") -> Romeo Doubs | F40: =IFERROR(__xludf.DUMMYFUNCTION("""COMPUTED_VALUE"""),"Harold Fannin Jr.") -> Harold Fannin Jr. | G40: =IFERROR(__xludf.DUMMYFUNCTION("""COMPUTED_VALUE"""),"J.J. McCarthy") -> J.J. McCarthy | H40: =IFERROR(__xludf.DUMMYFUNCTION("""COMPUTED_VALUE"""),"Joshua Palmer") -> Joshua Palmer | I40: =IFERROR(__xludf.DUMMYFUNCTION("""COMPUTED_VALUE"""),"Blake Corum") -> Blake Corum | J40: =IFERROR(__xludf.DUMMYFUNCTION("""COMPUTED_VALUE"""),"Michael Penix Jr.") -> Michael Penix Jr. | K40: =IFERROR(__xludf.DUMMYFUNCTION("""COMPUTED_VALUE"""),"Cameron Ward") -> Cameron Ward | L40: =IFERROR(__xludf.DUMMYFUNCTION("""COMPUTED_VALUE"""),"Minnesota Vikings") -> Minnesota Vikings | M40: =IFERROR(__xludf.DUMMYFUNCTION("""COMPUTED_VALUE"""),"Mike Gesicki") -> Mike Gesicki | N40: =IFERROR(__xludf.DUMMYFUNCTION("""COMPUTED_VALUE"""),"Marquise Brown") -> Marquise Brown | O40: =IFERROR(__xludf.DUMMYFUNCTION("""COMPUTED_VALUE"""),"Bryce Young") -> Bryce Young | P40: =IFERROR(__xludf.DUMMYFUNCTION("""COMPUTED_VALUE"""),"Luke Musgrave") -> Luke Musgrave | Q40: =IFERROR(__xludf.DUMMYFUNCTION("""COMPUTED_VALUE"""),"Jonnu Smith") -> Jonnu Smith | R40: =IFERROR(__xludf.DUMMYFUNCTION("""COMPUTED_VALUE"""),"DJ Giddens") -> DJ Giddens | S40: =IFERROR(__xludf.DUMMYFUNCTION("""COMPUTED_VALUE"""),"Sam Darnold") -> Sam Darnold | T40: =IFERROR(__xludf.DUMMYFUNCTION("""COMPUTED_VALUE"""),"Tua Tagovailoa") -> Tua Tagovailoa | U40: =IFERROR(__xludf.DUMMYFUNCTION("""COMPUTED_VALUE"""),"Adam Thielen") -> Adam Thielen
A41: 10 | B41: =IFERROR(__xludf.DUMMYFUNCTION("FILTER(IMPORTRANGE(""https://docs.google.com/spreadsheets/d/12GwvVQuA_g69mcvi0j1i_hvHTfUoMJzE/edit?gid=1131453096#gid=1131453096"",""'Draft Board'!D31:CX31""), IMPORTRANGE(""https://docs.google.com/spreadsheets/d/12GwvVQuA_g69mcvi0j1i_hvHTfUoMJzE/edit?gid"&"=1131453096#gid=1131453096"",""'Draft Board'!D31:CX31"")<>"""")"),"Quentin Johnston") -> Quentin Johnston | C41: =IFERROR(__xludf.DUMMYFUNCTION("""COMPUTED_VALUE"""),"Jaxson Dart") -> Jaxson Dart | D41: =IFERROR(__xludf.DUMMYFUNCTION("""COMPUTED_VALUE"""),"Tyler Shough") -> Tyler Shough | E41: =IFERROR(__xludf.DUMMYFUNCTION("""COMPUTED_VALUE"""),"Joe Flacco") -> Joe Flacco | F41: =IFERROR(__xludf.DUMMYFUNCTION("""COMPUTED_VALUE"""),"Kansas City Chiefs") -> Kansas City Chiefs | G41: =IFERROR(__xludf.DUMMYFUNCTION("""COMPUTED_VALUE"""),"Daniel Jones") -> Daniel Jones | H41: =IFERROR(__xludf.DUMMYFUNCTION("""COMPUTED_VALUE"""),"Russell Wilson") -> Russell Wilson | I41: =IFERROR(__xludf.DUMMYFUNCTION("""COMPUTED_VALUE"""),"Xavier Legette") -> Xavier Legette | J41: =IFERROR(__xludf.DUMMYFUNCTION("""COMPUTED_VALUE"""),"Woody Marks") -> Woody Marks | K41: =IFERROR(__xludf.DUMMYFUNCTION("""COMPUTED_VALUE"""),"Pittsburgh Steelers") -> Pittsburgh Steelers | L41: =IFERROR(__xludf.DUMMYFUNCTION("""COMPUTED_VALUE"""),"Brandon Aubrey") -> Brandon Aubrey | M41: =IFERROR(__xludf.DUMMYFUNCTION("""COMPUTED_VALUE"""),"Kareem Hunt") -> Kareem Hunt | N41: =IFERROR(__xludf.DUMMYFUNCTION("""COMPUTED_VALUE"""),"Chig Okonkwo") -> Chig Okonkwo | O41: =IFERROR(__xludf.DUMMYFUNCTION("""COMPUTED_VALUE"""),"Kyle Williams") -> Kyle Williams | P41: =IFERROR(__xludf.DUMMYFUNCTION("""COMPUTED_VALUE"""),"Tre' Harris") -> Tre' Harris | Q41: =IFERROR(__xludf.DUMMYFUNCTION("""COMPUTED_VALUE"""),"MarShawn Lloyd") -> MarShawn Lloyd | R41: =IFERROR(__xludf.DUMMYFUNCTION("""COMPUTED_VALUE"""),"Aaron Rodgers") -> Aaron Rodgers | S41: =IFERROR(__xludf.DUMMYFUNCTION("""COMPUTED_VALUE"""),"DeMario Douglas") -> DeMario Douglas | T41: =IFERROR(__xludf.DUMMYFUNCTION("""COMPUTED_VALUE"""),"Keenan Allen") -> Keenan Allen | U41: =IFERROR(__xludf.DUMMYFUNCTION("""COMPUTED_VALUE"""),"Matthew Stafford") -> Matthew Stafford
A42: 11 | B42: =IFERROR(__xludf.DUMMYFUNCTION("FILTER(IMPORTRANGE(""https://docs.google.com/spreadsheets/d/12GwvVQuA_g69mcvi0j1i_hvHTfUoMJzE/edit?gid=1131453096#gid=1131453096"",""'Draft Board'!D34:CX34""), IMPORTRANGE(""https://docs.google.com/spreadsheets/d/12GwvVQuA_g69mcvi0j1i_hvHTfUoMJzE/edit?gid"&"=1131453096#gid=1131453096"",""'Draft Board'!D34:CX34"")<>"""")"),"Cameron Dicker") -> Cameron Dicker | C42: =IFERROR(__xludf.DUMMYFUNCTION("""COMPUTED_VALUE"""),"Will Shipley") -> Will Shipley | D42: =IFERROR(__xludf.DUMMYFUNCTION("""COMPUTED_VALUE"""),"Mason Taylor") -> Mason Taylor | E42: =IFERROR(__xludf.DUMMYFUNCTION("""COMPUTED_VALUE"""),"Pat Freiermuth") -> Pat Freiermuth | F42: =IFERROR(__xludf.DUMMYFUNCTION("""COMPUTED_VALUE"""),"Chris Rodriguez Jr.") -> Chris Rodriguez Jr. | G42: =IFERROR(__xludf.DUMMYFUNCTION("""COMPUTED_VALUE"""),"Jalen McMillan") -> Jalen McMillan | H42: =IFERROR(__xludf.DUMMYFUNCTION("""COMPUTED_VALUE"""),"Washington Commanders") -> Washington Commanders | I42: =IFERROR(__xludf.DUMMYFUNCTION("""COMPUTED_VALUE"""),"Shedeur Sanders") -> Shedeur Sanders | J42: =IFERROR(__xludf.DUMMYFUNCTION("""COMPUTED_VALUE"""),"Jack Bech") -> Jack Bech | K42: =IFERROR(__xludf.DUMMYFUNCTION("""COMPUTED_VALUE"""),"Isaiah Likely") -> Isaiah Likely | L42: =IFERROR(__xludf.DUMMYFUNCTION("""COMPUTED_VALUE"""),"Justice Hill") -> Justice Hill | M42: =IFERROR(__xludf.DUMMYFUNCTION("""COMPUTED_VALUE"""),"Michael Wilson") -> Michael Wilson | N42: =IFERROR(__xludf.DUMMYFUNCTION("""COMPUTED_VALUE"""),"Jake Bates") -> Jake Bates | O42: =IFERROR(__xludf.DUMMYFUNCTION("""COMPUTED_VALUE"""),"Cade Otton") -> Cade Otton | P42: =IFERROR(__xludf.DUMMYFUNCTION("""COMPUTED_VALUE"""),"Amari Cooper") -> Amari Cooper | Q42: =IFERROR(__xludf.DUMMYFUNCTION("""COMPUTED_VALUE"""),"Detroit Lions") -> Detroit Lions | R42: =IFERROR(__xludf.DUMMYFUNCTION("""COMPUTED_VALUE"""),"Darren Waller") -> Darren Waller | S42: =IFERROR(__xludf.DUMMYFUNCTION("""COMPUTED_VALUE"""),"Buffalo Bills") -> Buffalo Bills | T42: =IFERROR(__xludf.DUMMYFUNCTION("""COMPUTED_VALUE"""),"Keaton Mitchell") -> Keaton Mitchell | U42: =IFERROR(__xludf.DUMMYFUNCTION("""COMPUTED_VALUE"""),"Dalton Schultz") -> Dalton Schultz
A43: 12 | B43: =IFERROR(__xludf.DUMMYFUNCTION("FILTER(IMPORTRANGE(""https://docs.google.com/spreadsheets/d/12GwvVQuA_g69mcvi0j1i_hvHTfUoMJzE/edit?gid=1131453096#gid=1131453096"",""'Draft Board'!D37:CX37""), IMPORTRANGE(""https://docs.google.com/spreadsheets/d/12GwvVQuA_g69mcvi0j1i_hvHTfUoMJzE/edit?gid"&"=1131453096#gid=1131453096"",""'Draft Board'!D37:CX37"")<>"""")"),"Seattle Seahawks") -> Seattle Seahawks | C43: =IFERROR(__xludf.DUMMYFUNCTION("""COMPUTED_VALUE"""),"Antonio Gibson") -> Antonio Gibson | D43: =IFERROR(__xludf.DUMMYFUNCTION("""COMPUTED_VALUE"""),"Los Angeles Chargers") -> Los Angeles Chargers | E43: =IFERROR(__xludf.DUMMYFUNCTION("""COMPUTED_VALUE"""),"Tahj Brooks") -> Tahj Brooks | F43: =IFERROR(__xludf.DUMMYFUNCTION("""COMPUTED_VALUE"""),"Jalen Coker") -> Jalen Coker | G43: =IFERROR(__xludf.DUMMYFUNCTION("""COMPUTED_VALUE"""),"Kendre Miller") -> Kendre Miller | H43: =IFERROR(__xludf.DUMMYFUNCTION("""COMPUTED_VALUE"""),"Brandin Cooks") -> Brandin Cooks | I43: =IFERROR(__xludf.DUMMYFUNCTION("""COMPUTED_VALUE"""),"Ka'imi Fairbairn") -> Ka'imi Fairbairn | J43: =IFERROR(__xludf.DUMMYFUNCTION("""COMPUTED_VALUE"""),"Cade Stover") -> Cade Stover | K43: =IFERROR(__xludf.DUMMYFUNCTION("""COMPUTED_VALUE"""),"Kyle Monangai") -> Kyle Monangai | L43: =IFERROR(__xludf.DUMMYFUNCTION("""COMPUTED_VALUE"""),"DeAndre Hopkins") -> DeAndre Hopkins | M43: =IFERROR(__xludf.DUMMYFUNCTION("""COMPUTED_VALUE"""),"Ja'Tavion Sanders") -> Ja'Tavion Sanders | N43: =IFERROR(__xludf.DUMMYFUNCTION("""COMPUTED_VALUE"""),"Jalen Milroe") -> Jalen Milroe | O43: =IFERROR(__xludf.DUMMYFUNCTION("""COMPUTED_VALUE"""),"Jason Sanders") -> Jason Sanders | P43: =IFERROR(__xludf.DUMMYFUNCTION("""COMPUTED_VALUE"""),"Green Bay Packers") -> Green Bay Packers | Q43: =IFERROR(__xludf.DUMMYFUNCTION("""COMPUTED_VALUE"""),"Spencer Rattler") -> Spencer Rattler | R43: =IFERROR(__xludf.DUMMYFUNCTION("""COMPUTED_VALUE"""),"Ollie Gordon II") -> Ollie Gordon II | S43: =IFERROR(__xludf.DUMMYFUNCTION("""COMPUTED_VALUE"""),"Chase McLaughlin") -> Chase McLaughlin | T43: =IFERROR(__xludf.DUMMYFUNCTION("""COMPUTED_VALUE"""),"Los Angeles Rams") -> Los Angeles Rams | U43: =IFERROR(__xludf.DUMMYFUNCTION("""COMPUTED_VALUE"""),"Wil Lutz") -> Wil Lutz
A44: 13 | B44: =IFERROR(__xludf.DUMMYFUNCTION("FILTER(IMPORTRANGE(""https://docs.google.com/spreadsheets/d/12GwvVQuA_g69mcvi0j1i_hvHTfUoMJzE/edit?gid=1131453096#gid=1131453096"",""'Draft Board'!D40:CX40""), IMPORTRANGE(""https://docs.google.com/spreadsheets/d/12GwvVQuA_g69mcvi0j1i_hvHTfUoMJzE/edit?gid"&"=1131453096#gid=1131453096"",""'Draft Board'!D40:CX40"")<>"""")"),"Kirk Cousins") -> Kirk Cousins | C44: =IFERROR(__xludf.DUMMYFUNCTION("""COMPUTED_VALUE"""),"Dallas Cowboys") -> Dallas Cowboys | D44: =IFERROR(__xludf.DUMMYFUNCTION("""COMPUTED_VALUE"""),"Alec Pierce") -> Alec Pierce | E44: =IFERROR(__xludf.DUMMYFUNCTION("""COMPUTED_VALUE"""),"Darius Slayton") -> Darius Slayton | F44: =IFERROR(__xludf.DUMMYFUNCTION("""COMPUTED_VALUE"""),"Adonai Mitchell") -> Adonai Mitchell | G44: =IFERROR(__xludf.DUMMYFUNCTION("""COMPUTED_VALUE"""),"Juwan Johnson") -> Juwan Johnson | H44: =IFERROR(__xludf.DUMMYFUNCTION("""COMPUTED_VALUE"""),"Cole Kmet") -> Cole Kmet | I44: =IFERROR(__xludf.DUMMYFUNCTION("""COMPUTED_VALUE"""),"Jaleel McLaughlin") -> Jaleel McLaughlin | J44: =IFERROR(__xludf.DUMMYFUNCTION("""COMPUTED_VALUE"""),"Gardner Minshew II") -> Gardner Minshew II | K44: =IFERROR(__xludf.DUMMYFUNCTION("""COMPUTED_VALUE"""),"Elic Ayomanor") -> Elic Ayomanor | L44: =IFERROR(__xludf.DUMMYFUNCTION("""COMPUTED_VALUE"""),"Jameis Winston") -> Jameis Winston | M44: =IFERROR(__xludf.DUMMYFUNCTION("""COMPUTED_VALUE"""),"Chris Boswell") -> Chris Boswell | N44: =IFERROR(__xludf.DUMMYFUNCTION("""COMPUTED_VALUE"""),"San Francisco 49ers") -> San Francisco 49ers | O44: =IFERROR(__xludf.DUMMYFUNCTION("""COMPUTED_VALUE"""),"Arizona Cardinals") -> Arizona Cardinals | P44: =IFERROR(__xludf.DUMMYFUNCTION("""COMPUTED_VALUE"""),"Jarquez Hunter") -> Jarquez Hunter | Q44: =IFERROR(__xludf.DUMMYFUNCTION("""COMPUTED_VALUE"""),"Younghoe Koo") -> Younghoe Koo | R44: =IFERROR(__xludf.DUMMYFUNCTION("""COMPUTED_VALUE"""),"Tampa Bay Buccaneers") -> Tampa Bay Buccaneers | S44: =IFERROR(__xludf.DUMMYFUNCTION("""COMPUTED_VALUE"""),"Noah Gray") -> Noah Gray | T44: =IFERROR(__xludf.DUMMYFUNCTION("""COMPUTED_VALUE"""),"Tyler Lockett") -> Tyler Lockett | U44: =IFERROR(__xludf.DUMMYFUNCTION("""COMPUTED_VALUE"""),"Dontayvion Wicks") -> Dontayvion Wicks
A45: 14 | B45: =IFERROR(__xludf.DUMMYFUNCTION("FILTER(IMPORTRANGE(""https://docs.google.com/spreadsheets/d/12GwvVQuA_g69mcvi0j1i_hvHTfUoMJzE/edit?gid=1131453096#gid=1131453096"",""'Draft Board'!D43:CX43""), IMPORTRANGE(""https://docs.google.com/spreadsheets/d/12GwvVQuA_g69mcvi0j1i_hvHTfUoMJzE/edit?gid"&"=1131453096#gid=1131453096"",""'Draft Board'!D43:CX43"")<>"""")"),"Theo Johnson") -> Theo Johnson | C45: =IFERROR(__xludf.DUMMYFUNCTION("""COMPUTED_VALUE"""),"Jake Elliott") -> Jake Elliott | D45: =IFERROR(__xludf.DUMMYFUNCTION("""COMPUTED_VALUE"""),"Chicago Bears") -> Chicago Bears | E45: =IFERROR(__xludf.DUMMYFUNCTION("""COMPUTED_VALUE"""),"Dyami Brown") -> Dyami Brown | F45: =IFERROR(__xludf.DUMMYFUNCTION("""COMPUTED_VALUE"""),"Tyler Bass") -> Tyler Bass | G45: =IFERROR(__xludf.DUMMYFUNCTION("""COMPUTED_VALUE"""),"New York Jets") -> New York Jets | H45: =IFERROR(__xludf.DUMMYFUNCTION("""COMPUTED_VALUE"""),"Dameon Pierce") -> Dameon Pierce | I45: =IFERROR(__xludf.DUMMYFUNCTION("""COMPUTED_VALUE"""),"Pat Bryant") -> Pat Bryant | J45: =IFERROR(__xludf.DUMMYFUNCTION("""COMPUTED_VALUE"""),"Tyler Loop") -> Tyler Loop | K45: =IFERROR(__xludf.DUMMYFUNCTION("""COMPUTED_VALUE"""),"Jalen Royals") -> Jalen Royals | L45: =IFERROR(__xludf.DUMMYFUNCTION("""COMPUTED_VALUE"""),"Devin Neal") -> Devin Neal | M45: =IFERROR(__xludf.DUMMYFUNCTION("""COMPUTED_VALUE"""),"Noah Fant") -> Noah Fant | N45: =IFERROR(__xludf.DUMMYFUNCTION("""COMPUTED_VALUE"""),"Calvin Austin III") -> Calvin Austin III | O45: =IFERROR(__xludf.DUMMYFUNCTION("""COMPUTED_VALUE"""),"Matt Gay") -> Matt Gay | P45: =IFERROR(__xludf.DUMMYFUNCTION("""COMPUTED_VALUE"""),"Evan McPherson") -> Evan McPherson | Q45: =IFERROR(__xludf.DUMMYFUNCTION("""COMPUTED_VALUE"""),"Andrei Iosivas") -> Andrei Iosivas | R45: =IFERROR(__xludf.DUMMYFUNCTION("""COMPUTED_VALUE"""),"Jaylin Noel") -> Jaylin Noel | S45: =IFERROR(__xludf.DUMMYFUNCTION("""COMPUTED_VALUE"""),"Raheem Mostert") -> Raheem Mostert | T45: =IFERROR(__xludf.DUMMYFUNCTION("""COMPUTED_VALUE"""),"Harrison Butker") -> Harrison Butker | U45: =IFERROR(__xludf.DUMMYFUNCTION("""COMPUTED_VALUE"""),"Brashard Smith") -> Brashard Smith
A46: 15 | B46: =IFERROR(__xludf.DUMMYFUNCTION("FILTER(IMPORTRANGE(""https://docs.google.com/spreadsheets/d/12GwvVQuA_g69mcvi0j1i_hvHTfUoMJzE/edit?gid=1131453096#gid=1131453096"",""'Draft Board'!D46:CX46""), IMPORTRANGE(""https://docs.google.com/spreadsheets/d/12GwvVQuA_g69mcvi0j1i_hvHTfUoMJzE/edit?gid"&"=1131453096#gid=1131453096"",""'Draft Board'!D46:CX46"")<>"""")"),"Diontae Johnson") -> Diontae Johnson | C46: =IFERROR(__xludf.DUMMYFUNCTION("""COMPUTED_VALUE"""),"Jalen Nailor") -> Jalen Nailor | D46: =IFERROR(__xludf.DUMMYFUNCTION("""COMPUTED_VALUE"""),"Will Reichard") -> Will Reichard | E46: =IFERROR(__xludf.DUMMYFUNCTION("""COMPUTED_VALUE"""),"Joshua Karty") -> Joshua Karty | F46: =IFERROR(__xludf.DUMMYFUNCTION("""COMPUTED_VALUE"""),"New England Patriots") -> New England Patriots | G46: =IFERROR(__xludf.DUMMYFUNCTION("""COMPUTED_VALUE"""),"Daniel Carlson") -> Daniel Carlson | H46: =IFERROR(__xludf.DUMMYFUNCTION("""COMPUTED_VALUE"""),"Cairo Santos") -> Cairo Santos | I46: =IFERROR(__xludf.DUMMYFUNCTION("""COMPUTED_VALUE"""),"Elijah Mitchell") -> Elijah Mitchell | J46: =IFERROR(__xludf.DUMMYFUNCTION("""COMPUTED_VALUE"""),"Atlanta Falcons") -> Atlanta Falcons | K46: =IFERROR(__xludf.DUMMYFUNCTION("""COMPUTED_VALUE"""),"Brandon McManus") -> Brandon McManus | L46: =IFERROR(__xludf.DUMMYFUNCTION("""COMPUTED_VALUE"""),"Devaughn Vele") -> Devaughn Vele | M46: =IFERROR(__xludf.DUMMYFUNCTION("""COMPUTED_VALUE"""),"New York Giants") -> New York Giants | N46: =IFERROR(__xludf.DUMMYFUNCTION("""COMPUTED_VALUE"""),"Sean Tucker") -> Sean Tucker | O46: =IFERROR(__xludf.DUMMYFUNCTION("""COMPUTED_VALUE"""),"Indianapolis Colts") -> Indianapolis Colts | P46: =IFERROR(__xludf.DUMMYFUNCTION("""COMPUTED_VALUE"""),"Cleveland Browns") -> Cleveland Browns | Q46: =IFERROR(__xludf.DUMMYFUNCTION("""COMPUTED_VALUE"""),"Ty Johnson") -> Ty Johnson | R46: =IFERROR(__xludf.DUMMYFUNCTION("""COMPUTED_VALUE"""),"Cam Little") -> Cam Little | S46: =IFERROR(__xludf.DUMMYFUNCTION("""COMPUTED_VALUE"""),"Trevor Etienne") -> Trevor Etienne | T46: =IFERROR(__xludf.DUMMYFUNCTION("""COMPUTED_VALUE"""),"Roman Wilson") -> Roman Wilson | U46: =IFERROR(__xludf.DUMMYFUNCTION("""COMPUTED_VALUE"""),"Jalen Tolbert") -> Jalen Tolbert

Sheet 4. 49vengers
B1: Team-Name: The 49vengers
N2: (Die gezeigte Auswahl stellt ein Beispiel dar!)
B3: Running Back | C3: (Team) | D3: Wide Receiver | E3: (Team) | F3: Tight End | G3: (Team) | H3: Quarterback | I3: (Team) | J3: Kicker | K3: (Team) | L3: Defense | N3: Draft Reihenfolge (Positions)
A4: 1 | B4: Bijan Robinson | C4: ATL | D4: Ja'Marr Chase | E4: CIN | F4: Brock Bowers | G4: LV | H4: Josh Allen | I4: BUF | J4: Brandon Aubrey | K4: DAL | L4: Denver Broncos | N4: 1. Runde | O4: WR
A5: 2 | B5: Saquon Barkley | C5: PHI | D5: CeeDee Lamb | E5: DAL | F5: George Kittle | G5: SF | H5: Lamar Jackson | I5: BAL | J5: Cameron Dicker | K5: LAC | L5: Philadelphia Eagles | N5: 2. Runde | O5: RB
A6: 3 | B6: Jahmyr Gibbs | C6: DET | D6: Justin Jefferson | E6: MIN | F6: Trey McBride | G6: ARI | H6: Jayden Daniels | I6: WAS | J6: Jake Bates | K6: DET | L6: Pittsburgh Steelers | N6: 3. Runde | O6: QB
A7: 4 | B7: Derrick Henry | C7: BAL | D7: Nico Collins | E7: HOU | F7: Sam LaPorta | G7: DET | H7: Jalen Hurts | I7: PHI | J7: Wil Lutz | K7: DEN | L7: Baltimore Ravens | N7: 4. Runde | O7: TE
A8: 5 | B8: Ashton Jeanty | C8: LV | D8: Malik Nabers | E8: NYG | F8: Mark Andrews | G8: BAL | H8: Joe Burrow | I8: CIN | J8: Chase McLaughlin | K8: TB | L8: Minnesota Vikings | N8: 5. Runde | O8: RB
A9: 6 | B9: Christian McCaffrey | C9: SF | D9: Brian Thomas Jr. | E9: JAC | F9: T.J. Hockenson | G9: MIN | H9: Justin Fields | I9: NYJ | J9: Ka'imi Fairbairn | K9: HOU | L9: Houston Texans | N9: 6. Runde | O9: WR
A10: 7 | B10: Jonathan Taylor | C10: IND | D10: Puka Nacua | E10: LAR | F10: Travis Kelce | G10: KC | H10: Patrick Mahomes II | I10: KC | J10: Harrison Butker | K10: KC | L10: Buffalo Bills | N10: 7. Runde | O10: DEF
A11: 8 | B11: De'Von Achane | C11: MIA | D11: Amon-Ra St. Brown | E11: DET | F11: Tucker Kraft | G11: GB | H11: Bo Nix | I11: DEN | J11: Chris Boswell | K11: PIT | L11: Kansas City Chiefs | N11: 8. Runde | O11: RB
A12: 9 | B12: Josh Jacobs | C12: GB | D12: A.J. Brown | E12: PHI | F12: David Njoku | G12: CLE | H12: Kyler Murray | I12: ARI | J12: Evan McPherson | K12: CIN | L12: Detroit Lions | N12: 9. Runde | O12: WR
A13: 10 | B13: Bucky Irving | C13: TB | D13: Drake London | E13: ATL | F13: Tyler Warren | G13: IND | H13: Brock Purdy | I13: SF | J13: Tyler Bass | K13: BUF | L13: Seattle Seahawks | N13: 10. Runde | O13: QB
A14: 11 | B14: Kyren Williams | C14: LAR | D14: Ladd McConkey | E14: LAC | F14: Evan Engram | G14: DEN | H14: Justin Herbert | I14: LAC | J14: Jake Elliott | K14: PHI | L14: Los Angeles Rams | N14: 11. Runde | O14: TE
A15: 12 | B15: Chase Brown | C15: CIN | D15: Mike Evans | E15: TB | F15: Dalton Kincaid | G15: BUF | H15: Jared Goff | I15: DET | J15: Matt Gay | K15: WAS | L15: Los Angeles Chargers | N15: 12. Runde | O15: RB
... A18: 15 | B18: Kenneth Walker III | C18: III | D18: Jaxon Smith-Njigba | E18: SEA | F18: Colston Loveland | G18: CHI | H18: Jordan Love | I18: GB | J18: Will Reichard | K18: MIN | L18: New York Jets | N18: 15. Runde | O18: K
A19: 16 | B19: Breece Hall | C19: NYJ | D19: Davante Adams | E19: LAR | F19: Jake Ferguson | G19: DAL | H19: Trevor Lawrence | I19: JAC | J19: Tyler Loop | K19: BAL | L19: Dallas Cowboys
A20: 17 | B20: Chuba Hubbard | C20: CAR | D20: Garrett Wilson | E20: NYJ | F20: Hunter Henry | G20: NE | H20: C.J. Stroud | I20: HOU | J20: Joshua Karty | K20: LAR | L20: New England Patriots
A21: 18 | B21: James Conner | C21: ARI | D21: Marvin Harrison Jr. | E21: ARI | F21: Jonnu Smith | G21: PIT | H21: J.J. McCarthy | I21: MIN | J21: Daniel Carlson | K21: LV | L21: Tampa Bay Buccaneers
A22: 19 | B22: Alvin Kamara | C22: NO | D22: Terry McLaurin | E22: WAS | F22: Isaiah Likely | G22: BAL | H22: Tua Tagovailoa | I22: MIA | J22: Brandon McManus | K22: GB | L22: Arizona Cardinals
A23: 20 | B23: TreVeyon Henderson | C23: NE | D23: DK Metcalf | E23: DK | F23: Zach Ertz | G23: WAS | H23: Bryce Young | I23: CAR | J23: Cam Little | K23: JAC | L23: Chicago Bears
A24: 21 | B24: D'Andre Swift | C24: CHI | D24: Jameson Williams | E24: DET | F24: Brenton Strange | G24: JAC | H24: Michael Penix Jr. | I24: ATL | J24: Jake Moody | K24: SF | L24: Cleveland Browns
A25: 22 | B25: Isiah Pacheco | C25: KC | D25: DJ Moore | E25: DJ | F25: Mike Gesicki | G25: CIN | H25: Geno Smith | I25: LV | J25: Jason Myers | K25: SEA | L25: New York Giants
A26: 23 | B26: RJ Harvey | C26: DEN | D26: Courtland Sutton | E26: DEN | F26: Pat Freiermuth | G26: PIT | H26: Cameron Ward | I26: TEN | J26: Cairo Santos | K26: CHI | L26: Washington Commanders
A27: 24 | B27: Tony Pollard | C27: TEN | D27: Xavier Worthy | E27: KC | F27: Cade Otton | G27: TB | H27: Sam Darnold | I27: SEA | J27: Blake Grupe | K27: NO | L27: Miami Dolphins
A28: 25 | B28: Aaron Jones | C28: MIN | D28: Zay Flowers | E28: BAL | F28: Chig Okonkwo | G28: TEN | H28: Aaron Rodgers | I28: PIT | J28: Graham Gano | K28: NYG | L28: Atlanta Falcons
A31: Import
